customer_id,total_amount_spent,number_of_transactions,days_since_last_purchase,average_spent,account_age,spending_frequnecy,no_complaints,no_feedbacks,no_inquiry,no_resolved,no_unresolved,no_interactions,recency,complaint_rate,unresolution_rate,feedback_rate,login_frequency,days_since_last_login,churn_status
1,416.5,1,1272,416.5,0,0.0,0.0,0.0,1.0,1.0,0.0,1.0,1268.0,0.0,0.0,0.0,34,699,0
2,1547.4199999999998,7,1035,221.06,314,0.0222929936305732,0.0,0.0,1.0,1.0,0.0,1.0,1282.0,0.0,0.0,0.0,5,654,1
3,1702.98,6,1077,283.83,239,0.0251046025104602,0.0,0.0,1.0,1.0,0.0,1.0,1122.0,0.0,0.0,0.0,3,674,0
4,917.29,5,997,183.458,219,0.0228310502283105,0.0,0.0,2.0,1.0,1.0,2.0,1036.0,0.0,0.5,0.0,2,756,0
5,2001.49,8,1003,250.18625,303,0.0264026402640264,,,,,,,,,,,41,693,0
6,1164.29,5,1056,232.858,118,0.0423728813559322,0.0,1.0,0.0,1.0,0.0,1.0,1233.0,0.0,0.0,1.0,2,733,0
7,86.73,1,1061,86.73,0,0.0,,,,,,,,,,,32,986,0
8,2046.88,7,1045,292.4114285714286,244,0.0286885245901639,0.0,1.0,1.0,0.0,2.0,2.0,1102.0,0.0,1.0,0.5,17,881,1
9,1317.24,5,1066,263.448,279,0.017921146953405,0.0,0.0,1.0,1.0,0.0,1.0,1131.0,0.0,0.0,0.0,24,815,0
10,1397.36,7,1054,199.62285714285716,285,0.0245614035087719,,,,,,,,,,,29,980,1
11,1733.83,5,1010,346.766,288,0.0173611111111111,0.0,2.0,0.0,1.0,1.0,2.0,1057.0,0.0,0.5,1.0,30,971,0
12,87.1,1,1052,87.1,0,0.0,0.0,1.0,1.0,1.0,1.0,2.0,1025.0,0.0,0.5,0.5,43,628,0
13,392.02,3,1088,130.67333333333332,66,0.0454545454545454,1.0,0.0,0.0,1.0,0.0,1.0,1150.0,1.0,0.0,0.0,10,807,0
14,2843.59,9,1046,315.95444444444445,295,0.0305084745762711,1.0,1.0,0.0,1.0,1.0,2.0,1148.0,0.5,0.5,0.5,26,983,0
15,1914.02,8,1008,239.2525,330,0.0242424242424242,1.0,1.0,0.0,0.0,2.0,2.0,1067.0,0.5,1.0,0.5,44,827,0
16,2019.79,9,1010,224.42111111111112,144,0.0625,0.0,0.0,2.0,2.0,0.0,2.0,1107.0,0.0,0.0,0.0,41,919,1
17,1625.27,7,1030,232.18142857142857,174,0.0402298850574712,0.0,0.0,2.0,1.0,1.0,2.0,1227.0,0.0,0.5,0.0,8,747,0
18,951.38,5,1116,190.276,228,0.0219298245614035,0.0,0.0,1.0,0.0,1.0,1.0,1046.0,0.0,1.0,0.0,37,665,1
19,1017.26,5,1002,203.452,227,0.0220264317180616,2.0,0.0,0.0,0.0,2.0,2.0,1026.0,1.0,1.0,0.0,39,926,0
20,2775.85,9,1007,308.4277777777777,318,0.0283018867924528,0.0,1.0,0.0,1.0,0.0,1.0,1158.0,0.0,0.0,1.0,16,766,0
21,913.02,5,1144,182.604,167,0.029940119760479,,,,,,,,,,,18,826,0
22,1582.73,6,1066,263.78833333333336,260,0.023076923076923,0.0,0.0,2.0,2.0,0.0,2.0,1140.0,0.0,0.0,0.0,42,867,0
23,1490.74,4,1047,372.685,292,0.0136986301369863,2.0,0.0,0.0,1.0,1.0,2.0,1281.0,1.0,0.5,0.0,19,805,0
24,1143.22,5,1012,228.644,304,0.0164473684210526,1.0,0.0,0.0,1.0,0.0,1.0,1052.0,1.0,0.0,0.0,12,716,0
25,764.77,3,1078,254.9233333333333,30,0.1,0.0,1.0,0.0,1.0,0.0,1.0,1018.0,0.0,0.0,1.0,27,947,0
26,571.76,3,996,190.58666666666667,150,0.02,1.0,0.0,0.0,1.0,0.0,1.0,1012.0,1.0,0.0,0.0,45,721,1
27,2210.6,8,1044,276.325,310,0.0258064516129032,0.0,1.0,0.0,0.0,1.0,1.0,1194.0,0.0,1.0,1.0,22,719,0
28,1702.26,6,1006,283.71,346,0.0173410404624277,1.0,0.0,1.0,0.0,2.0,2.0,1023.0,0.5,1.0,0.0,42,694,0
29,853.0699999999999,3,1091,284.3566666666666,215,0.013953488372093,0.0,1.0,1.0,1.0,1.0,2.0,1102.0,0.0,0.5,0.5,34,748,0
30,706.66,2,1098,353.33,127,0.0157480314960629,2.0,0.0,0.0,1.0,1.0,2.0,1069.0,1.0,0.5,0.0,38,800,0
31,1108.56,5,1015,221.712,330,0.0151515151515151,1.0,0.0,1.0,2.0,0.0,2.0,1189.0,0.5,0.0,0.0,23,764,0
32,1225.52,5,1081,245.104,217,0.0230414746543778,,,,,,,,,,,48,987,0
33,689.0,2,1047,344.5,92,0.0217391304347826,0.0,1.0,0.0,1.0,0.0,1.0,1208.0,0.0,0.0,1.0,24,854,1
34,1886.4,9,1002,209.6,348,0.0258620689655172,0.0,2.0,0.0,1.0,1.0,2.0,1175.0,0.0,0.5,1.0,44,900,0
35,779.8399999999999,3,1107,259.94666666666666,158,0.0189873417721519,1.0,0.0,0.0,0.0,1.0,1.0,1170.0,1.0,1.0,0.0,19,850,0
36,1321.5500000000002,6,1058,220.25833333333333,239,0.0251046025104602,0.0,1.0,0.0,1.0,0.0,1.0,1057.0,0.0,0.0,1.0,6,951,0
37,3166.88,9,1017,351.8755555555556,335,0.026865671641791,1.0,0.0,0.0,1.0,0.0,1.0,1279.0,1.0,0.0,0.0,3,753,0
38,874.86,3,1019,291.62,285,0.0105263157894736,0.0,0.0,1.0,1.0,0.0,1.0,1274.0,0.0,0.0,0.0,47,662,0
39,1191.94,5,1013,238.388,249,0.0200803212851405,,,,,,,,,,,26,973,0
40,1578.35,7,1144,225.47857142857143,203,0.0344827586206896,1.0,0.0,0.0,1.0,0.0,1.0,1031.0,1.0,0.0,0.0,20,706,0
41,363.22,2,1312,181.61,9,0.2222222222222222,0.0,0.0,1.0,0.0,1.0,1.0,1301.0,0.0,1.0,0.0,38,808,1
42,530.61,3,1064,176.87,190,0.0157894736842105,,,,,,,,,,,10,795,0
43,2213.63,7,1052,316.23285714285714,247,0.0283400809716599,0.0,0.0,2.0,1.0,1.0,2.0,1038.0,0.0,0.5,0.0,25,848,0
44,687.8199999999999,3,1031,229.2733333333333,290,0.0103448275862068,0.0,1.0,0.0,0.0,1.0,1.0,1250.0,0.0,1.0,1.0,35,676,0
45,300.42,1,1001,300.42,0,0.0,1.0,0.0,0.0,0.0,1.0,1.0,1182.0,1.0,1.0,0.0,49,748,0
46,134.67,1,1126,134.67,0,0.0,,,,,,,,,,,24,781,1
47,1466.37,7,1035,209.48142857142852,234,0.0299145299145299,,,,,,,,,,,21,884,0
48,1597.29,7,1015,228.1842857142857,202,0.0346534653465346,,,,,,,,,,,34,830,0
49,641.48,3,1200,213.82666666666668,98,0.0306122448979591,,,,,,,,,,,18,943,0
50,1514.62,4,1015,378.655,334,0.0119760479041916,1.0,1.0,0.0,0.0,2.0,2.0,1051.0,0.5,1.0,0.5,19,797,0
51,549.86,3,1157,183.28666666666663,118,0.0254237288135593,,,,,,,,,,,3,689,1
52,401.25,1,1310,401.25,0,0.0,,,,,,,,,,,6,946,0
53,1255.34,7,996,179.3342857142857,290,0.0241379310344827,,,,,,,,,,,20,718,0
54,461.21,2,1173,230.605,21,0.0952380952380952,1.0,1.0,0.0,2.0,0.0,2.0,1033.0,0.5,0.0,0.5,22,973,0
55,1129.35,5,1109,225.87,241,0.0207468879668049,,,,,,,,,,,33,763,0
56,1443.46,5,1009,288.692,212,0.0235849056603773,,,,,,,,,,,14,761,0
57,597.75,3,1026,199.25,280,0.0107142857142857,1.0,0.0,0.0,0.0,1.0,1.0,1017.0,1.0,1.0,0.0,44,792,0
58,2215.82,6,1036,369.3033333333333,272,0.0220588235294117,1.0,0.0,1.0,0.0,2.0,2.0,1160.0,0.5,1.0,0.0,9,886,0
59,292.51,3,1023,97.50333333333332,129,0.0232558139534883,,,,,,,,,,,45,648,0
60,781.09,4,1004,195.2725,321,0.0124610591900311,0.0,2.0,0.0,1.0,1.0,2.0,1199.0,0.0,0.5,1.0,25,932,0
61,678.97,3,1074,226.32333333333332,262,0.0114503816793893,1.0,0.0,0.0,1.0,0.0,1.0,1258.0,1.0,0.0,0.0,47,632,1
62,840.0,4,1028,210.0,326,0.0122699386503067,1.0,0.0,1.0,2.0,0.0,2.0,997.0,0.5,0.0,0.0,16,754,0
63,2205.11,9,1011,245.01222222222225,283,0.0318021201413427,,,,,,,,,,,7,847,0
64,965.21,3,1006,321.7366666666667,230,0.0130434782608695,,,,,,,,,,,11,839,0
65,1359.89,5,1037,271.97799999999995,127,0.0393700787401574,,,,,,,,,,,27,725,0
66,1409.11,8,1003,176.13875,337,0.0237388724035608,,,,,,,,,,,40,764,0
67,701.76,4,1045,175.44,277,0.0144404332129963,0.0,0.0,2.0,2.0,0.0,2.0,1217.0,0.0,0.0,0.0,17,789,0
68,886.4799999999999,4,1048,221.62,178,0.0224719101123595,1.0,0.0,1.0,0.0,2.0,2.0,1201.0,0.5,1.0,0.0,5,787,1
69,1038.53,4,1020,259.6325,262,0.015267175572519,0.0,1.0,0.0,1.0,0.0,1.0,1080.0,0.0,0.0,1.0,29,676,0
70,2453.98,7,1011,350.56857142857143,343,0.0204081632653061,,,,,,,,,,,10,919,0
71,474.59,3,1051,158.1966666666667,298,0.0100671140939597,0.0,1.0,1.0,1.0,1.0,2.0,1255.0,0.0,0.5,0.5,47,764,1
72,1080.4,6,1032,180.0666666666667,307,0.019543973941368,2.0,0.0,0.0,1.0,1.0,2.0,1350.0,1.0,0.5,0.0,25,878,1
73,2254.22,9,1038,250.46888888888887,310,0.0290322580645161,0.0,0.0,1.0,1.0,0.0,1.0,1131.0,0.0,0.0,0.0,24,693,1
74,2083.79,8,1119,260.47375,154,0.0519480519480519,1.0,0.0,0.0,1.0,0.0,1.0,1297.0,1.0,0.0,0.0,44,943,0
75,769.97,4,993,192.4925,130,0.0307692307692307,0.0,0.0,1.0,1.0,0.0,1.0,1125.0,0.0,0.0,0.0,12,825,1
76,883.92,4,1017,220.98,271,0.014760147601476,1.0,0.0,1.0,1.0,1.0,2.0,1036.0,0.5,0.5,0.0,5,864,1
77,1797.06,8,1020,224.6325,327,0.0244648318042813,,,,,,,,,,,29,705,0
78,816.89,3,1252,272.2966666666667,46,0.0652173913043478,0.0,0.0,1.0,0.0,1.0,1.0,1031.0,0.0,1.0,0.0,35,713,0
79,931.32,3,1010,310.44,341,0.0087976539589442,1.0,0.0,0.0,1.0,0.0,1.0,1330.0,1.0,0.0,0.0,23,883,1
80,110.82,1,1263,110.82,0,0.0,,,,,,,,,,,32,833,0
81,2181.77,8,1115,272.72125,219,0.0365296803652968,,,,,,,,,,,40,656,1
82,232.38,1,1326,232.38,0,0.0,,,,,,,,,,,19,865,0
83,1419.9199999999998,6,1070,236.6533333333333,280,0.0214285714285714,0.0,2.0,0.0,0.0,2.0,2.0,1246.0,0.0,1.0,1.0,25,628,0
84,1545.91,5,1009,309.182,322,0.015527950310559,,,,,,,,,,,45,659,0
85,1690.08,9,1018,187.78666666666663,265,0.0339622641509433,,,,,,,,,,,37,773,0
86,1674.66,7,1022,239.23714285714283,266,0.0263157894736842,,,,,,,,,,,1,702,0
87,1411.84,5,998,282.368,153,0.0326797385620915,1.0,0.0,1.0,1.0,1.0,2.0,1014.0,0.5,0.5,0.0,43,667,0
88,447.34,2,1133,223.67,198,0.0101010101010101,,,,,,,,,,,13,954,0
89,1951.99,7,1073,278.85571428571427,220,0.0318181818181818,,,,,,,,,,,12,744,0
90,1229.96,6,994,204.9933333333333,356,0.0168539325842696,0.0,0.0,1.0,1.0,0.0,1.0,1111.0,0.0,0.0,0.0,47,843,0
91,1804.74,9,1057,200.52666666666667,298,0.0302013422818791,0.0,1.0,1.0,1.0,1.0,2.0,1214.0,0.0,0.5,0.5,43,959,0
92,2265.28,8,1015,283.16,189,0.0423280423280423,0.0,1.0,1.0,1.0,1.0,2.0,1079.0,0.0,0.5,0.5,37,811,0
93,848.07,5,1014,169.614,191,0.0261780104712041,2.0,0.0,0.0,2.0,0.0,2.0,1078.0,1.0,0.0,0.0,42,704,0
94,1113.61,3,995,371.2033333333334,239,0.0125523012552301,,,,,,,,,,,41,815,0
95,677.27,3,1047,225.75666666666663,271,0.011070110701107,1.0,0.0,0.0,1.0,0.0,1.0,1147.0,1.0,0.0,0.0,12,822,0
96,161.84,1,1122,161.84,0,0.0,2.0,0.0,0.0,0.0,2.0,2.0,1307.0,1.0,1.0,0.0,36,935,0
97,553.65,2,1104,276.825,138,0.0144927536231884,1.0,0.0,1.0,2.0,0.0,2.0,1135.0,0.5,0.0,0.0,38,639,0
98,893.76,5,1043,178.752,301,0.0166112956810631,0.0,1.0,0.0,1.0,0.0,1.0,1026.0,0.0,0.0,1.0,9,850,0
99,889.75,5,1045,177.95,288,0.0173611111111111,,,,,,,,,,,14,952,0
100,1108.56,4,997,277.14,313,0.0127795527156549,1.0,1.0,0.0,2.0,0.0,2.0,1023.0,0.5,0.0,0.5,45,840,1
101,492.35,1,1199,492.35,0,0.0,0.0,1.0,1.0,1.0,1.0,2.0,1064.0,0.0,0.5,0.5,35,978,0
102,2029.96,6,994,338.32666666666665,316,0.0189873417721519,1.0,1.0,0.0,1.0,1.0,2.0,1055.0,0.5,0.5,0.5,32,979,0
103,2297.73,9,1004,255.3033333333333,353,0.0254957507082152,0.0,2.0,0.0,2.0,0.0,2.0,999.0,0.0,0.0,1.0,46,876,0
104,2666.84,9,1005,296.3155555555556,326,0.0276073619631901,0.0,0.0,2.0,1.0,1.0,2.0,1246.0,0.0,0.5,0.0,3,911,1
105,1863.6,8,1004,232.95,323,0.0247678018575851,0.0,0.0,2.0,0.0,2.0,2.0,1069.0,0.0,1.0,0.0,30,635,0
106,875.08,3,1025,291.6933333333333,323,0.0092879256965944,1.0,0.0,1.0,1.0,1.0,2.0,1217.0,0.5,0.5,0.0,49,792,0
107,1542.76,6,1028,257.12666666666667,276,0.0217391304347826,,,,,,,,,,,7,966,1
108,494.31,2,1067,247.155,119,0.0168067226890756,0.0,1.0,1.0,0.0,2.0,2.0,1041.0,0.0,1.0,0.5,1,910,1
109,1274.7,6,1000,212.45,330,0.0181818181818181,1.0,0.0,1.0,0.0,2.0,2.0,1013.0,0.5,1.0,0.0,20,875,0
110,723.0,3,1041,241.0,107,0.02803738317757,0.0,1.0,1.0,2.0,0.0,2.0,1019.0,0.0,0.0,0.5,25,710,1
111,613.1800000000001,2,1076,306.59000000000003,266,0.0075187969924812,0.0,0.0,1.0,0.0,1.0,1.0,1294.0,0.0,1.0,0.0,33,825,1
112,750.17,3,995,250.05666666666664,343,0.0087463556851311,0.0,0.0,1.0,1.0,0.0,1.0,1290.0,0.0,0.0,0.0,35,704,0
113,1834.01,7,1066,262.00142857142856,277,0.0252707581227436,1.0,0.0,0.0,0.0,1.0,1.0,1130.0,1.0,1.0,0.0,44,891,0
114,2133.28,8,1020,266.66,333,0.024024024024024,,,,,,,,,,,24,779,0
115,653.62,5,1093,130.724,188,0.026595744680851,,,,,,,,,,,14,729,0
116,1504.28,7,1004,214.89714285714285,303,0.0231023102310231,1.0,0.0,0.0,1.0,0.0,1.0,1212.0,1.0,0.0,0.0,39,761,0
117,448.48,2,997,224.24,255,0.0078431372549019,,,,,,,,,,,44,634,0
118,1625.39,6,1006,270.89833333333337,327,0.018348623853211,0.0,0.0,1.0,0.0,1.0,1.0,1325.0,0.0,1.0,0.0,34,719,0
119,2012.33,8,1050,251.54125,276,0.0289855072463768,1.0,1.0,0.0,2.0,0.0,2.0,1301.0,0.5,0.0,0.5,18,905,1
120,1168.79,6,995,194.7983333333333,234,0.0256410256410256,1.0,1.0,0.0,1.0,1.0,2.0,1047.0,0.5,0.5,0.5,2,939,0
121,1073.01,5,1032,214.602,277,0.0180505415162454,2.0,0.0,0.0,1.0,1.0,2.0,1018.0,1.0,0.5,0.0,38,741,0
122,2825.52,9,1008,313.94666666666666,270,0.0333333333333333,0.0,1.0,0.0,1.0,0.0,1.0,1267.0,0.0,0.0,1.0,17,828,1
123,938.58,3,1008,312.86,179,0.0167597765363128,0.0,0.0,2.0,2.0,0.0,2.0,1043.0,0.0,0.0,0.0,23,919,1
124,2283.88,7,1027,326.2685714285714,260,0.0269230769230769,0.0,1.0,1.0,2.0,0.0,2.0,999.0,0.0,0.0,0.5,33,943,0
125,744.89,2,1116,372.445,97,0.0206185567010309,,,,,,,,,,,28,821,0
126,2323.02,9,1042,258.11333333333334,268,0.0335820895522388,,,,,,,,,,,15,859,0
127,1976.17,8,993,247.02125,308,0.0259740259740259,0.0,1.0,0.0,1.0,0.0,1.0,1240.0,0.0,0.0,1.0,11,975,0
128,630.2,2,1232,315.1,41,0.048780487804878,2.0,0.0,0.0,1.0,1.0,2.0,1129.0,1.0,0.5,0.0,23,805,1
129,243.55,2,1025,121.775,253,0.0079051383399209,0.0,0.0,1.0,1.0,0.0,1.0,1228.0,0.0,0.0,0.0,13,913,0
130,552.23,2,1047,276.115,216,0.0092592592592592,0.0,1.0,0.0,0.0,1.0,1.0,1109.0,0.0,1.0,1.0,47,937,0
131,2726.7,8,1080,340.8375,190,0.0421052631578947,0.0,0.0,1.0,1.0,0.0,1.0,1021.0,0.0,0.0,0.0,11,726,0
132,1879.94,9,1066,208.88222222222225,279,0.032258064516129,,,,,,,,,,,36,827,0
133,896.27,4,1117,224.0675,237,0.0168776371308016,0.0,0.0,1.0,1.0,0.0,1.0,1134.0,0.0,0.0,0.0,38,890,0
134,1570.08,6,995,261.68,321,0.0186915887850467,0.0,0.0,1.0,0.0,1.0,1.0,1242.0,0.0,1.0,0.0,27,988,0
135,441.75,2,1214,220.875,89,0.0224719101123595,,,,,,,,,,,18,823,0
136,419.86,2,994,209.93,136,0.0147058823529411,,,,,,,,,,,40,682,0
137,431.47,1,1188,431.47,0,0.0,,,,,,,,,,,38,823,1
138,2804.65,8,1075,350.58125,267,0.0299625468164794,0.0,0.0,1.0,0.0,1.0,1.0,1299.0,0.0,1.0,0.0,34,914,0
139,2045.49,7,1155,292.2128571428572,152,0.0460526315789473,0.0,1.0,1.0,1.0,1.0,2.0,1159.0,0.0,0.5,0.5,22,839,0
140,1024.23,3,1103,341.41,32,0.09375,0.0,1.0,0.0,1.0,0.0,1.0,1241.0,0.0,0.0,1.0,18,699,0
141,2483.75,7,1020,354.82142857142856,266,0.0263157894736842,2.0,0.0,0.0,2.0,0.0,2.0,1215.0,1.0,0.0,0.0,41,814,0
142,1391.99,5,1024,278.398,183,0.0273224043715847,0.0,1.0,0.0,0.0,1.0,1.0,1295.0,0.0,1.0,1.0,18,876,0
143,343.27,2,1291,171.635,12,0.1666666666666666,0.0,0.0,1.0,1.0,0.0,1.0,1017.0,0.0,0.0,0.0,13,634,0
144,419.85,1,1058,419.85,0,0.0,0.0,0.0,1.0,1.0,0.0,1.0,1162.0,0.0,0.0,0.0,39,944,1
145,1768.7,5,1006,353.74,264,0.0189393939393939,1.0,1.0,0.0,0.0,2.0,2.0,1058.0,0.5,1.0,0.5,16,709,0
146,1373.73,5,1000,274.746,184,0.0271739130434782,,,,,,,,,,,8,647,0
147,2260.34,8,1027,282.5425,306,0.0261437908496732,1.0,1.0,0.0,1.0,1.0,2.0,1035.0,0.5,0.5,0.5,34,748,0
148,13.04,1,1021,13.04,0,0.0,1.0,0.0,1.0,1.0,1.0,2.0,1195.0,0.5,0.5,0.0,29,925,0
149,444.84,1,1240,444.84,0,0.0,1.0,0.0,0.0,1.0,0.0,1.0,1284.0,1.0,0.0,0.0,6,945,0
150,1193.26,8,1011,149.1575,313,0.0255591054313099,,,,,,,,,,,38,813,0
151,334.2,1,1004,334.2,0,0.0,0.0,1.0,1.0,1.0,1.0,2.0,1033.0,0.0,0.5,0.5,36,840,0
152,1448.8,7,1011,206.97142857142856,320,0.021875,,,,,,,,,,,48,720,0
153,1735.16,5,1075,347.03200000000004,218,0.0229357798165137,1.0,0.0,0.0,0.0,1.0,1.0,1142.0,1.0,1.0,0.0,42,967,0
154,1753.55,7,1132,250.50714285714284,212,0.0330188679245283,,,,,,,,,,,26,884,0
155,1883.08,8,1066,235.385,236,0.0338983050847457,2.0,0.0,0.0,2.0,0.0,2.0,1030.0,1.0,0.0,0.0,18,895,0
156,702.9200000000001,7,1182,100.41714285714286,162,0.0432098765432098,,,,,,,,,,,11,812,0
157,2412.6800000000003,7,1045,344.66857142857145,287,0.024390243902439,,,,,,,,,,,27,829,0
158,1471.29,7,1064,210.1842857142857,259,0.027027027027027,,,,,,,,,,,30,717,0
159,25.75,1,1269,25.75,0,0.0,1.0,0.0,1.0,0.0,2.0,2.0,1256.0,0.5,1.0,0.0,18,862,0
160,2053.13,8,1011,256.64125,325,0.0246153846153846,1.0,0.0,1.0,1.0,1.0,2.0,1158.0,0.5,0.5,0.0,43,871,1
161,1983.84,6,1114,330.64,155,0.0387096774193548,1.0,0.0,0.0,0.0,1.0,1.0,1181.0,1.0,1.0,0.0,4,788,0
162,425.88,3,1130,141.96,77,0.0389610389610389,1.0,1.0,0.0,1.0,1.0,2.0,1027.0,0.5,0.5,0.5,6,831,0
163,1064.88,3,1017,354.96000000000004,296,0.0101351351351351,0.0,1.0,1.0,1.0,1.0,2.0,1070.0,0.0,0.5,0.5,22,980,0
164,955.49,5,1066,191.098,286,0.0174825174825174,0.0,1.0,0.0,1.0,0.0,1.0,1018.0,0.0,0.0,1.0,2,664,1
165,181.34,1,1078,181.34,0,0.0,,,,,,,,,,,47,933,0
166,1241.5,5,1016,248.3,328,0.0152439024390243,0.0,1.0,0.0,1.0,0.0,1.0,1042.0,0.0,0.0,1.0,48,778,0
167,2356.35,8,997,294.54375,360,0.0222222222222222,0.0,1.0,0.0,1.0,0.0,1.0,1020.0,0.0,0.0,1.0,40,931,0
168,1126.93,4,1217,281.7325,114,0.0350877192982456,2.0,0.0,0.0,1.0,1.0,2.0,1099.0,1.0,0.5,0.0,32,752,1
169,2164.75,9,1009,240.52777777777777,334,0.0269461077844311,0.0,0.0,1.0,0.0,1.0,1.0,1168.0,0.0,1.0,0.0,39,824,0
170,1448.33,7,1002,206.9042857142857,327,0.0214067278287461,0.0,0.0,1.0,0.0,1.0,1.0,1353.0,0.0,1.0,0.0,21,708,1
171,2532.71,7,1094,361.8157142857143,257,0.0272373540856031,0.0,1.0,0.0,1.0,0.0,1.0,1099.0,0.0,0.0,1.0,8,869,0
172,1972.76,6,1028,328.7933333333333,323,0.0185758513931888,1.0,0.0,1.0,1.0,1.0,2.0,1176.0,0.5,0.5,0.0,25,647,0
173,606.09,3,1075,202.03,140,0.0214285714285714,0.0,0.0,1.0,1.0,0.0,1.0,1040.0,0.0,0.0,0.0,41,698,0
174,1801.46,7,1016,257.3514285714286,293,0.0238907849829351,1.0,0.0,0.0,0.0,1.0,1.0,1269.0,1.0,1.0,0.0,36,925,1
175,1218.9,7,1055,174.12857142857143,253,0.0276679841897233,0.0,0.0,2.0,1.0,1.0,2.0,1279.0,0.0,0.5,0.0,4,662,0
176,936.78,6,1006,156.13,348,0.0172413793103448,,,,,,,,,,,15,727,1
177,429.79,1,1103,429.79,0,0.0,0.0,0.0,1.0,0.0,1.0,1.0,1318.0,0.0,1.0,0.0,28,929,0
178,741.63,3,1009,247.21,156,0.0192307692307692,,,,,,,,,,,20,867,0
179,412.58,2,1305,206.29,8,0.25,,,,,,,,,,,38,744,0
180,1985.93,7,1012,283.70428571428573,261,0.0268199233716475,,,,,,,,,,,6,963,0
181,715.6800000000001,2,1013,357.84000000000003,17,0.1176470588235294,,,,,,,,,,,30,881,0
182,1491.65,5,1062,298.33000000000004,286,0.0174825174825174,0.0,0.0,2.0,2.0,0.0,2.0,1029.0,0.0,0.0,0.0,32,830,0
183,1135.44,3,1062,378.48,121,0.024793388429752,0.0,0.0,1.0,1.0,0.0,1.0,1324.0,0.0,0.0,0.0,49,882,1
184,97.19,2,1089,48.595,234,0.0085470085470085,,,,,,,,,,,41,889,0
185,1284.89,6,1007,214.1483333333333,256,0.0234375,1.0,0.0,1.0,2.0,0.0,2.0,1063.0,0.5,0.0,0.0,4,697,0
186,460.87,3,1193,153.6233333333333,137,0.0218978102189781,,,,,,,,,,,35,702,0
187,513.26,2,1043,256.63,204,0.0098039215686274,1.0,1.0,0.0,2.0,0.0,2.0,1037.0,0.5,0.0,0.5,30,984,0
188,1768.25,6,1023,294.7083333333333,294,0.0204081632653061,0.0,1.0,1.0,1.0,1.0,2.0,1102.0,0.0,0.5,0.5,49,905,0
189,574.4699999999999,3,1173,191.49,39,0.0769230769230769,0.0,1.0,1.0,1.0,1.0,2.0,1112.0,0.0,0.5,0.5,41,821,0
190,1417.97,7,1052,202.56714285714287,305,0.0229508196721311,0.0,0.0,1.0,0.0,1.0,1.0,1199.0,0.0,1.0,0.0,22,902,1
191,1942.65,7,1039,277.5214285714286,292,0.023972602739726,0.0,1.0,1.0,1.0,1.0,2.0,1270.0,0.0,0.5,0.5,2,947,0
192,1172.53,3,1016,390.8433333333333,233,0.0128755364806866,1.0,1.0,0.0,1.0,1.0,2.0,1028.0,0.5,0.5,0.5,12,805,0
193,270.34,1,1148,270.34,0,0.0,0.0,1.0,1.0,1.0,1.0,2.0,1069.0,0.0,0.5,0.5,34,862,0
194,1388.97,5,1103,277.794,230,0.0217391304347826,,,,,,,,,,,34,697,0
195,1711.71,6,1168,285.285,151,0.0397350993377483,0.0,1.0,1.0,1.0,1.0,2.0,1099.0,0.0,0.5,0.5,14,927,0
196,2134.16,8,1002,266.77,355,0.0225352112676056,1.0,0.0,1.0,0.0,2.0,2.0,1241.0,0.5,1.0,0.0,39,971,0
197,925.43,4,1016,231.3575,304,0.0131578947368421,1.0,0.0,1.0,1.0,1.0,2.0,1162.0,0.5,0.5,0.0,39,918,1
198,1461.25,7,1031,208.75,253,0.0276679841897233,,,,,,,,,,,45,821,0
199,1270.25,6,1033,211.70833333333331,294,0.0204081632653061,1.0,1.0,0.0,1.0,1.0,2.0,1038.0,0.5,0.5,0.5,6,985,0
200,1702.06,6,1050,283.6766666666667,289,0.0207612456747404,1.0,0.0,1.0,2.0,0.0,2.0,1038.0,0.5,0.0,0.0,8,952,0
201,956.58,3,1283,318.86,55,0.0545454545454545,0.0,1.0,1.0,1.0,1.0,2.0,1125.0,0.0,0.5,0.5,27,767,1
202,336.18,1,1193,336.18,0,0.0,0.0,1.0,1.0,2.0,0.0,2.0,1101.0,0.0,0.0,0.5,12,927,0
203,1767.9,6,1006,294.65000000000003,304,0.0197368421052631,2.0,0.0,0.0,2.0,0.0,2.0,1118.0,1.0,0.0,0.0,21,887,0
204,454.14,2,1131,227.07,31,0.064516129032258,0.0,2.0,0.0,1.0,1.0,2.0,1170.0,0.0,0.5,1.0,38,865,0
205,741.9699999999999,4,1000,185.4925,319,0.012539184952978,,,,,,,,,,,4,966,0
206,99.58,1,1102,99.58,0,0.0,,,,,,,,,,,25,662,0
207,1799.17,8,1028,224.89625,297,0.0269360269360269,,,,,,,,,,,43,906,0
208,436.89,2,1286,218.445,64,0.03125,,,,,,,,,,,24,839,0
209,1328.06,4,1019,332.015,246,0.016260162601626,,,,,,,,,,,12,708,0
210,1727.27,7,1066,246.75285714285715,218,0.0321100917431192,,,,,,,,,,,29,788,0
211,1222.21,6,1007,203.70166666666668,327,0.018348623853211,,,,,,,,,,,35,931,0
212,1047.61,7,996,149.6585714285714,231,0.0303030303030303,0.0,1.0,0.0,1.0,0.0,1.0,1053.0,0.0,0.0,1.0,37,828,0
213,2092.89,7,999,298.9842857142857,357,0.0196078431372549,1.0,0.0,0.0,1.0,0.0,1.0,1345.0,1.0,0.0,0.0,30,939,1
214,734.1,2,1288,367.05,46,0.0434782608695652,,,,,,,,,,,41,687,0
215,1343.7,6,1009,223.95,249,0.0240963855421686,1.0,0.0,1.0,0.0,2.0,2.0,1030.0,0.5,1.0,0.0,42,682,0
216,1570.86,5,1067,314.172,242,0.0206611570247933,0.0,2.0,0.0,2.0,0.0,2.0,1011.0,0.0,0.0,1.0,35,744,0
217,2576.78,8,1029,322.0975,279,0.028673835125448,0.0,1.0,0.0,0.0,1.0,1.0,1265.0,0.0,1.0,1.0,1,767,1
218,1766.57,7,1006,252.36714285714285,350,0.02,,,,,,,,,,,40,830,0
219,1624.32,4,1079,406.08,202,0.0198019801980198,,,,,,,,,,,26,794,0
220,1030.46,3,1151,343.4866666666667,175,0.0171428571428571,,,,,,,,,,,35,677,0
221,1277.29,4,1234,319.3225,111,0.036036036036036,1.0,0.0,0.0,1.0,0.0,1.0,1217.0,1.0,0.0,0.0,42,826,1
222,1702.45,7,1012,243.20714285714288,296,0.0236486486486486,,,,,,,,,,,7,839,0
223,1736.26,6,1042,289.37666666666667,208,0.0288461538461538,0.0,0.0,1.0,1.0,0.0,1.0,1125.0,0.0,0.0,0.0,4,790,0
224,2520.32,8,1032,315.04,293,0.0273037542662116,,,,,,,,,,,5,857,0
225,2650.29,8,1000,331.28625,293,0.0273037542662116,0.0,2.0,0.0,1.0,1.0,2.0,1227.0,0.0,0.5,1.0,39,797,0
226,1461.18,7,1008,208.74,278,0.0251798561151079,0.0,1.0,0.0,0.0,1.0,1.0,1337.0,0.0,1.0,1.0,11,924,0
227,1250.35,7,1004,178.62142857142857,320,0.021875,,,,,,,,,,,15,681,1
228,2185.36,6,1171,364.2266666666667,178,0.0337078651685393,0.0,1.0,1.0,1.0,1.0,2.0,1142.0,0.0,0.5,0.5,32,704,0
229,2559.03,9,1104,284.3366666666667,199,0.0452261306532663,0.0,0.0,1.0,0.0,1.0,1.0,1134.0,0.0,1.0,0.0,37,636,0
230,1468.07,6,1028,244.6783333333333,311,0.0192926045016077,2.0,0.0,0.0,1.0,1.0,2.0,1106.0,1.0,0.5,0.0,9,746,1
231,1353.42,4,998,338.355,198,0.0202020202020202,,,,,,,,,,,47,942,1
232,2082.19,8,1048,260.27375,288,0.0277777777777777,0.0,2.0,0.0,0.0,2.0,2.0,1030.0,0.0,1.0,1.0,32,742,0
233,817.4200000000001,3,1040,272.47333333333336,271,0.011070110701107,0.0,0.0,2.0,2.0,0.0,2.0,1076.0,0.0,0.0,0.0,33,732,0
234,1576.7,8,1084,197.0875,256,0.03125,,,,,,,,,,,23,823,1
235,770.5,3,1087,256.8333333333333,187,0.0160427807486631,0.0,2.0,0.0,0.0,2.0,2.0,1166.0,0.0,1.0,1.0,15,631,0
236,1482.99,6,1006,247.165,291,0.0206185567010309,1.0,1.0,0.0,2.0,0.0,2.0,1169.0,0.5,0.0,0.5,30,725,1
237,398.99,1,1326,398.99,0,0.0,,,,,,,,,,,16,980,1
238,762.4399999999999,3,1056,254.14666666666665,255,0.0117647058823529,0.0,0.0,1.0,0.0,1.0,1.0,1170.0,0.0,1.0,0.0,22,730,1
239,2654.84,9,1012,294.9822222222222,322,0.0279503105590062,1.0,0.0,0.0,0.0,1.0,1.0,1049.0,1.0,1.0,0.0,43,711,1
240,859.47,2,1028,429.735,325,0.0061538461538461,1.0,0.0,0.0,1.0,0.0,1.0,1275.0,1.0,0.0,0.0,30,785,0
241,2185.9300000000003,9,1089,242.88111111111115,265,0.0339622641509433,1.0,0.0,0.0,1.0,0.0,1.0,1209.0,1.0,0.0,0.0,1,640,0
242,726.73,3,1039,242.2433333333333,263,0.0114068441064638,1.0,1.0,0.0,1.0,1.0,2.0,1091.0,0.5,0.5,0.5,35,946,1
243,2362.18,9,1033,262.46444444444444,316,0.0284810126582278,0.0,0.0,1.0,0.0,1.0,1.0,1006.0,0.0,1.0,0.0,18,650,0
244,1649.9,7,1016,235.7,255,0.0274509803921568,2.0,0.0,0.0,0.0,2.0,2.0,1105.0,1.0,1.0,0.0,15,821,0
245,2965.09,9,1043,329.45444444444445,301,0.0299003322259136,,,,,,,,,,,21,855,0
246,1171.14,4,1027,292.785,156,0.0256410256410256,0.0,0.0,1.0,1.0,0.0,1.0,1085.0,0.0,0.0,0.0,40,910,0
247,1887.68,7,1079,269.6685714285714,271,0.025830258302583,1.0,1.0,0.0,2.0,0.0,2.0,1062.0,0.5,0.0,0.5,2,635,0
248,1519.14,5,1033,303.828,162,0.0308641975308641,1.0,0.0,0.0,0.0,1.0,1.0,1181.0,1.0,1.0,0.0,30,755,1
249,356.39,1,1331,356.39,0,0.0,1.0,0.0,0.0,0.0,1.0,1.0,1345.0,1.0,1.0,0.0,40,956,0
250,1607.36,7,996,229.62285714285716,355,0.0197183098591549,0.0,0.0,1.0,1.0,0.0,1.0,1253.0,0.0,0.0,0.0,32,984,0
251,1968.79,7,1019,281.2557142857143,323,0.0216718266253869,1.0,0.0,0.0,1.0,0.0,1.0,1072.0,1.0,0.0,0.0,28,910,1
252,980.71,4,1149,245.1775,150,0.0266666666666666,,,,,,,,,,,11,770,1
253,1319.11,5,1023,263.822,310,0.0161290322580645,1.0,0.0,0.0,1.0,0.0,1.0,1155.0,1.0,0.0,0.0,7,656,0
254,2220.26,9,1015,246.6955555555556,333,0.027027027027027,1.0,0.0,1.0,1.0,1.0,2.0,1149.0,0.5,0.5,0.0,1,756,1
255,2672.69,7,996,381.8128571428571,316,0.0221518987341772,1.0,0.0,0.0,0.0,1.0,1.0,1252.0,1.0,1.0,0.0,43,825,0
256,208.67,1,1078,208.67,0,0.0,0.0,1.0,1.0,1.0,1.0,2.0,1136.0,0.0,0.5,0.5,28,755,0
257,92.62,1,1336,92.62,0,0.0,0.0,0.0,1.0,1.0,0.0,1.0,1000.0,0.0,0.0,0.0,39,962,0
258,832.85,4,1048,208.2125,263,0.0152091254752851,1.0,1.0,0.0,1.0,1.0,2.0,1046.0,0.5,0.5,0.5,19,825,0
259,1469.67,6,1063,244.945,286,0.0209790209790209,0.0,1.0,0.0,1.0,0.0,1.0,1201.0,0.0,0.0,1.0,39,918,0
260,2395.72,8,1054,299.465,240,0.0333333333333333,0.0,0.0,1.0,1.0,0.0,1.0,998.0,0.0,0.0,0.0,32,757,1
261,489.07,1,1207,489.07,0,0.0,1.0,0.0,0.0,0.0,1.0,1.0,1208.0,1.0,1.0,0.0,49,844,1
262,2940.59,9,1019,326.7322222222222,320,0.028125,0.0,2.0,0.0,0.0,2.0,2.0,1250.0,0.0,1.0,1.0,30,958,1
263,13.04,1,1044,13.04,0,0.0,1.0,1.0,0.0,2.0,0.0,2.0,1170.0,0.5,0.0,0.5,2,631,0
264,525.02,2,1154,262.51,88,0.0227272727272727,0.0,0.0,1.0,1.0,0.0,1.0,1294.0,0.0,0.0,0.0,44,926,0
265,1511.87,5,1118,302.374,190,0.0263157894736842,,,,,,,,,,,43,897,0
266,459.39,1,1247,459.39,0,0.0,0.0,0.0,1.0,1.0,0.0,1.0,1022.0,0.0,0.0,0.0,37,986,0
267,461.36,3,1031,153.78666666666666,234,0.0128205128205128,0.0,0.0,1.0,0.0,1.0,1.0,1081.0,0.0,1.0,0.0,19,665,0
268,1096.16,5,1041,219.23200000000003,282,0.0177304964539007,,,,,,,,,,,26,640,0
269,2123.87,9,1012,235.98555555555555,261,0.0344827586206896,0.0,2.0,0.0,1.0,1.0,2.0,1219.0,0.0,0.5,1.0,1,826,0
270,734.74,3,1030,244.91333333333333,288,0.0104166666666666,0.0,0.0,1.0,0.0,1.0,1.0,1283.0,0.0,1.0,0.0,42,891,0
271,865.97,3,999,288.6566666666667,326,0.00920245398773,,,,,,,,,,,28,692,1
272,1170.04,8,1096,146.255,245,0.0326530612244898,0.0,1.0,1.0,0.0,2.0,2.0,1006.0,0.0,1.0,0.5,26,796,1
273,1562.83,7,1021,223.26142857142852,226,0.0309734513274336,,,,,,,,,,,40,751,0
274,1117.33,4,1125,279.3325,225,0.0177777777777777,0.0,1.0,0.0,0.0,1.0,1.0,1199.0,0.0,1.0,1.0,35,969,0
275,605.79,3,1201,201.93,155,0.0193548387096774,0.0,1.0,1.0,1.0,1.0,2.0,1208.0,0.0,0.5,0.5,3,827,0
276,2069.7,7,1085,295.6714285714285,201,0.0348258706467661,,,,,,,,,,,26,840,1
277,1217.78,6,1048,202.9633333333333,286,0.0209790209790209,,,,,,,,,,,33,806,0
278,1423.1,5,1123,284.62,179,0.0279329608938547,0.0,1.0,0.0,0.0,1.0,1.0,1140.0,0.0,1.0,1.0,22,940,0
279,1209.94,4,1185,302.485,159,0.0251572327044025,0.0,0.0,1.0,1.0,0.0,1.0,1255.0,0.0,0.0,0.0,6,891,0
280,836.33,4,1038,209.0825,191,0.0209424083769633,1.0,0.0,1.0,1.0,1.0,2.0,1196.0,0.5,0.5,0.0,42,670,0
281,1563.95,8,1098,195.49375,226,0.0353982300884955,0.0,0.0,1.0,1.0,0.0,1.0,1154.0,0.0,0.0,0.0,34,644,0
282,2016.68,5,1020,403.336,230,0.0217391304347826,0.0,1.0,0.0,1.0,0.0,1.0,1060.0,0.0,0.0,1.0,3,790,1
283,1362.86,5,1014,272.572,229,0.0218340611353711,,,,,,,,,,,17,730,1
284,1683.13,6,1148,280.52166666666665,177,0.0338983050847457,,,,,,,,,,,6,858,0
285,1026.59,5,1009,205.31800000000004,341,0.0146627565982404,,,,,,,,,,,42,750,0
286,512.1899999999999,2,1017,256.095,274,0.0072992700729927,0.0,2.0,0.0,1.0,1.0,2.0,1069.0,0.0,0.5,1.0,5,900,1
287,615.0699999999999,2,1010,307.535,12,0.1666666666666666,0.0,0.0,2.0,1.0,1.0,2.0,1020.0,0.0,0.5,0.0,20,832,0
288,2217.85,8,1026,277.23125,279,0.028673835125448,1.0,0.0,1.0,0.0,2.0,2.0,1037.0,0.5,1.0,0.0,1,913,0
289,30.48,1,1199,30.48,0,0.0,,,,,,,,,,,24,675,0
290,403.33,1,999,403.33,0,0.0,0.0,0.0,1.0,0.0,1.0,1.0,1003.0,0.0,1.0,0.0,9,735,0
291,1572.74,6,1069,262.12333333333333,154,0.0389610389610389,1.0,1.0,0.0,0.0,2.0,2.0,1128.0,0.5,1.0,0.5,15,724,0
292,2429.7,8,1004,303.7125,321,0.0249221183800623,0.0,2.0,0.0,1.0,1.0,2.0,1241.0,0.0,0.5,1.0,37,653,0
293,209.68,1,1239,209.68,0,0.0,,,,,,,,,,,18,967,0
294,1882.08,6,1023,313.68,283,0.0212014134275618,0.0,0.0,1.0,1.0,0.0,1.0,1107.0,0.0,0.0,0.0,22,915,0
295,960.99,3,1110,320.33,162,0.0185185185185185,,,,,,,,,,,11,925,0
296,261.24,1,1200,261.24,0,0.0,0.0,0.0,1.0,0.0,1.0,1.0,1272.0,0.0,1.0,0.0,38,658,0
297,1714.09,8,1092,214.26125,255,0.0313725490196078,,,,,,,,,,,3,714,0
298,1305.25,6,1149,217.54166666666663,159,0.0377358490566037,0.0,1.0,0.0,0.0,1.0,1.0,1047.0,0.0,1.0,1.0,29,758,0
299,9.8,1,1033,9.8,0,0.0,0.0,0.0,2.0,1.0,1.0,2.0,1204.0,0.0,0.5,0.0,46,685,0
300,926.53,4,1141,231.6325,132,0.0303030303030303,0.0,1.0,1.0,2.0,0.0,2.0,1051.0,0.0,0.0,0.5,32,705,0
301,1298.95,6,1012,216.49166666666667,244,0.0245901639344262,0.0,0.0,1.0,1.0,0.0,1.0,1085.0,0.0,0.0,0.0,34,718,0
302,925.58,4,1084,231.395,213,0.0187793427230046,0.0,1.0,1.0,2.0,0.0,2.0,1086.0,0.0,0.0,0.5,8,944,0
303,948.96,3,1230,316.32,124,0.0241935483870967,1.0,0.0,0.0,1.0,0.0,1.0,1123.0,1.0,0.0,0.0,34,853,0
304,695.73,3,1098,231.91,67,0.044776119402985,0.0,0.0,1.0,0.0,1.0,1.0,1016.0,0.0,1.0,0.0,5,875,0
305,288.26,1,1190,288.26,0,0.0,,,,,,,,,,,9,797,0
306,2285.6,9,1018,253.95555555555555,336,0.0267857142857142,,,,,,,,,,,17,870,0
307,1416.68,4,1005,354.17,258,0.0155038759689922,1.0,0.0,0.0,1.0,0.0,1.0,1283.0,1.0,0.0,0.0,20,685,0
308,1791.69,7,1006,255.9557142857143,302,0.0231788079470198,,,,,,,,,,,42,697,0
309,1400.5,5,1055,280.1,263,0.0190114068441064,0.0,0.0,1.0,1.0,0.0,1.0,996.0,0.0,0.0,0.0,27,887,0
310,1058.14,4,1010,264.535,226,0.0176991150442477,,,,,,,,,,,5,807,0
311,592.9,5,1090,118.58,215,0.0232558139534883,2.0,0.0,0.0,2.0,0.0,2.0,1200.0,1.0,0.0,0.0,46,805,1
312,283.16,2,1276,141.58,72,0.0277777777777777,0.0,1.0,1.0,0.0,2.0,2.0,1277.0,0.0,1.0,0.5,29,819,0
313,34.91,1,1061,34.91,0,0.0,,,,,,,,,,,11,823,0
314,536.29,2,1060,268.145,69,0.0289855072463768,0.0,0.0,1.0,0.0,1.0,1.0,1143.0,0.0,1.0,0.0,26,913,0
315,601.31,2,1044,300.655,225,0.0088888888888888,1.0,0.0,0.0,0.0,1.0,1.0,1341.0,1.0,1.0,0.0,23,711,1
316,649.71,8,1091,81.21375,265,0.030188679245283,,,,,,,,,,,18,965,0
317,467.83,3,1165,155.94333333333333,182,0.0164835164835164,2.0,0.0,0.0,0.0,2.0,2.0,1217.0,1.0,1.0,0.0,20,840,0
318,2145.44,8,1003,268.18,351,0.0227920227920227,,,,,,,,,,,44,739,0
319,477.46,1,1131,477.46,0,0.0,,,,,,,,,,,21,922,0
320,823.75,2,1005,411.875,167,0.0119760479041916,1.0,1.0,0.0,1.0,1.0,2.0,1299.0,0.5,0.5,0.5,26,951,0
321,2007.24,9,1019,223.02666666666667,314,0.0286624203821656,1.0,1.0,0.0,1.0,1.0,2.0,1027.0,0.5,0.5,0.5,32,690,0
322,61.98,1,1204,61.98,0,0.0,0.0,1.0,1.0,0.0,2.0,2.0,1064.0,0.0,1.0,0.5,1,669,0
323,839.3,4,1013,209.825,332,0.0120481927710843,0.0,0.0,1.0,1.0,0.0,1.0,1231.0,0.0,0.0,0.0,2,924,1
324,1369.7,6,1052,228.28333333333333,272,0.0220588235294117,2.0,0.0,0.0,0.0,2.0,2.0,1122.0,1.0,1.0,0.0,4,939,0
325,553.79,2,1031,276.895,35,0.0571428571428571,2.0,0.0,0.0,0.0,2.0,2.0,1031.0,1.0,1.0,0.0,41,720,0
326,605.89,3,1100,201.9633333333333,164,0.0182926829268292,,,,,,,,,,,10,908,0
327,403.37,2,995,201.685,251,0.0079681274900398,1.0,0.0,1.0,1.0,1.0,2.0,994.0,0.5,0.5,0.0,28,754,0
328,848.26,5,1026,169.652,294,0.0170068027210884,,,,,,,,,,,49,886,0
329,2361.19,8,1029,295.14875,294,0.0272108843537414,0.0,1.0,0.0,0.0,1.0,1.0,1184.0,0.0,1.0,1.0,37,768,0
330,2582.54,9,1036,286.94888888888886,307,0.0293159609120521,,,,,,,,,,,17,732,0
331,908.32,5,1003,181.664,213,0.0234741784037558,1.0,1.0,0.0,1.0,1.0,2.0,1032.0,0.5,0.5,0.5,30,991,0
332,1577.44,5,1064,315.488,240,0.0208333333333333,,,,,,,,,,,6,653,0
333,2439.39,7,1045,348.4842857142857,207,0.0338164251207729,1.0,0.0,1.0,1.0,1.0,2.0,1006.0,0.5,0.5,0.0,11,646,0
334,1719.37,6,1032,286.56166666666667,259,0.0231660231660231,1.0,0.0,0.0,1.0,0.0,1.0,1197.0,1.0,0.0,0.0,11,975,0
335,756.52,2,1017,378.26,141,0.0141843971631205,0.0,2.0,0.0,2.0,0.0,2.0,1069.0,0.0,0.0,1.0,2,632,1
336,135.94,1,1004,135.94,0,0.0,,,,,,,,,,,20,968,0
337,608.06,2,999,304.03,104,0.0192307692307692,,,,,,,,,,,34,755,0
338,13.86,1,1024,13.86,0,0.0,,,,,,,,,,,41,655,0
339,682.9399999999999,4,1027,170.735,266,0.0150375939849624,0.0,1.0,0.0,1.0,0.0,1.0,1285.0,0.0,0.0,1.0,1,880,0
340,1147.08,6,1046,191.18,219,0.0273972602739726,1.0,0.0,0.0,0.0,1.0,1.0,1317.0,1.0,1.0,0.0,48,729,0
341,1022.86,6,1083,170.47666666666666,189,0.0317460317460317,0.0,1.0,0.0,1.0,0.0,1.0,1212.0,0.0,0.0,1.0,27,807,0
342,2295.76,7,1030,327.96571428571434,304,0.0230263157894736,0.0,1.0,0.0,1.0,0.0,1.0,1013.0,0.0,0.0,1.0,26,718,1
343,924.63,3,1184,308.21,152,0.0197368421052631,0.0,1.0,1.0,2.0,0.0,2.0,997.0,0.0,0.0,0.5,26,786,0
344,1466.6,6,1049,244.4333333333333,190,0.031578947368421,1.0,1.0,0.0,1.0,1.0,2.0,1260.0,0.5,0.5,0.5,8,815,0
345,1980.5,8,1123,247.5625,219,0.0365296803652968,0.0,0.0,1.0,1.0,0.0,1.0,1142.0,0.0,0.0,0.0,29,742,0
346,1641.62,6,1025,273.6033333333333,263,0.0228136882129277,0.0,0.0,1.0,0.0,1.0,1.0,1350.0,0.0,1.0,0.0,17,986,0
347,1974.45,9,1003,219.38333333333333,299,0.0301003344481605,1.0,1.0,0.0,1.0,1.0,2.0,1034.0,0.5,0.5,0.5,33,792,0
348,704.7,2,1213,352.35,85,0.0235294117647058,1.0,0.0,0.0,1.0,0.0,1.0,1289.0,1.0,0.0,0.0,1,659,0
349,1376.54,6,1096,229.4233333333333,251,0.0239043824701195,2.0,0.0,0.0,2.0,0.0,2.0,1194.0,1.0,0.0,0.0,24,761,0
350,2702.27,9,999,300.2522222222222,294,0.0306122448979591,1.0,0.0,0.0,0.0,1.0,1.0,1198.0,1.0,1.0,0.0,25,880,0
351,588.68,2,1127,294.34,78,0.0256410256410256,1.0,0.0,0.0,0.0,1.0,1.0,1306.0,1.0,1.0,0.0,1,789,1
352,1493.9,5,1053,298.78000000000003,244,0.0204918032786885,2.0,0.0,0.0,1.0,1.0,2.0,1018.0,1.0,0.5,0.0,26,748,0
353,266.08,1,1284,266.08,0,0.0,0.0,1.0,1.0,1.0,1.0,2.0,1066.0,0.0,0.5,0.5,16,915,1
354,324.4,3,1236,108.13333333333333,103,0.029126213592233,0.0,1.0,0.0,0.0,1.0,1.0,1150.0,0.0,1.0,1.0,49,799,0
355,368.57,1,1273,368.57,0,0.0,1.0,0.0,1.0,1.0,1.0,2.0,1057.0,0.5,0.5,0.0,33,987,0
356,2316.37,8,1010,289.54625,342,0.023391812865497,,,,,,,,,,,28,797,0
357,780.1800000000001,4,1017,195.045,254,0.0157480314960629,0.0,1.0,1.0,1.0,1.0,2.0,1134.0,0.0,0.5,0.5,45,740,0
358,2282.8900000000003,9,1004,253.6544444444445,243,0.037037037037037,1.0,0.0,0.0,0.0,1.0,1.0,1066.0,1.0,1.0,0.0,24,976,1
359,2154.17,8,1059,269.27125,254,0.0314960629921259,1.0,0.0,0.0,1.0,0.0,1.0,1226.0,1.0,0.0,0.0,36,870,0
360,1731.26,8,1025,216.4075,311,0.0257234726688102,1.0,1.0,0.0,2.0,0.0,2.0,1060.0,0.5,0.0,0.5,14,908,0
361,2348.41,9,999,260.9344444444444,333,0.027027027027027,,,,,,,,,,,49,884,0
362,469.14,2,1050,234.57,238,0.0084033613445378,1.0,1.0,0.0,1.0,1.0,2.0,1205.0,0.5,0.5,0.5,5,767,1
363,1514.16,9,1057,168.24,295,0.0305084745762711,1.0,0.0,0.0,1.0,0.0,1.0,1326.0,1.0,0.0,0.0,27,992,0
364,286.8,1,1239,286.8,0,0.0,0.0,0.0,2.0,2.0,0.0,2.0,1213.0,0.0,0.0,0.0,14,753,0
365,1188.84,8,1013,148.60500000000002,291,0.0274914089347079,0.0,1.0,0.0,1.0,0.0,1.0,1187.0,0.0,0.0,1.0,24,691,1
366,2518.16,8,994,314.77,360,0.0222222222222222,,,,,,,,,,,46,977,0
367,2197.79,7,995,313.97,251,0.0278884462151394,1.0,0.0,0.0,0.0,1.0,1.0,1235.0,1.0,1.0,0.0,28,734,0
368,1939.2,6,1010,323.2,276,0.0217391304347826,,,,,,,,,,,8,976,0
369,3352.34,9,1016,372.4822222222222,299,0.0301003344481605,0.0,0.0,1.0,0.0,1.0,1.0,998.0,0.0,1.0,0.0,35,955,0
370,1239.81,6,1002,206.635,328,0.0182926829268292,0.0,1.0,1.0,1.0,1.0,2.0,1090.0,0.0,0.5,0.5,47,820,0
371,1454.45,5,996,290.89,320,0.015625,0.0,2.0,0.0,2.0,0.0,2.0,1003.0,0.0,0.0,1.0,35,827,0
372,35.85,1,1182,35.85,0,0.0,1.0,1.0,0.0,1.0,1.0,2.0,1038.0,0.5,0.5,0.5,23,694,0
373,267.09,2,1229,133.545,5,0.4,1.0,0.0,0.0,0.0,1.0,1.0,1309.0,1.0,1.0,0.0,13,863,0
374,2143.59,9,1013,238.17666666666668,312,0.0288461538461538,,,,,,,,,,,47,634,0
375,133.2,1,1256,133.2,0,0.0,0.0,1.0,0.0,0.0,1.0,1.0,1237.0,0.0,1.0,1.0,17,750,0
376,1143.8,4,1031,285.95,299,0.0133779264214046,1.0,0.0,0.0,1.0,0.0,1.0,1202.0,1.0,0.0,0.0,31,934,0
377,2366.3,8,999,295.7875,358,0.0223463687150838,0.0,1.0,1.0,1.0,1.0,2.0,1211.0,0.0,0.5,0.5,10,862,0
378,1333.6,4,1024,333.4,302,0.0132450331125827,1.0,1.0,0.0,1.0,1.0,2.0,1108.0,0.5,0.5,0.5,36,759,0
379,1582.08,8,1102,197.76,236,0.0338983050847457,1.0,0.0,0.0,1.0,0.0,1.0,1078.0,1.0,0.0,0.0,29,788,0
380,1172.66,6,1079,195.44333333333336,259,0.0231660231660231,,,,,,,,,,,16,832,0
381,1087.62,4,1040,271.905,136,0.0294117647058823,0.0,0.0,1.0,1.0,0.0,1.0,1305.0,0.0,0.0,0.0,33,794,1
382,2467.11,9,1009,274.12333333333333,310,0.0290322580645161,0.0,0.0,1.0,1.0,0.0,1.0,1037.0,0.0,0.0,0.0,14,933,0
383,800.5600000000001,4,1078,200.14,249,0.0160642570281124,1.0,1.0,0.0,1.0,1.0,2.0,1241.0,0.5,0.5,0.5,7,760,0
384,339.17,2,1304,169.58499999999998,3,0.6666666666666666,1.0,0.0,1.0,1.0,1.0,2.0,1037.0,0.5,0.5,0.0,33,633,0
385,1338.28,4,1218,334.57,122,0.0327868852459016,,,,,,,,,,,3,757,1
386,773.11,4,1155,193.2775,164,0.024390243902439,0.0,0.0,1.0,1.0,0.0,1.0,1269.0,0.0,0.0,0.0,26,697,0
387,47.52,1,998,47.52,0,0.0,1.0,0.0,1.0,0.0,2.0,2.0,1022.0,0.5,1.0,0.0,39,690,0
388,1787.4199999999998,8,1027,223.4275,310,0.0258064516129032,,,,,,,,,,,5,760,1
389,522.89,3,1116,174.29666666666665,198,0.0151515151515151,,,,,,,,,,,23,899,1
390,281.95,1,1036,281.95,0,0.0,,,,,,,,,,,33,944,0
391,1990.15,7,1048,284.3071428571429,278,0.0251798561151079,,,,,,,,,,,30,791,0
392,1533.34,7,1007,219.04857142857145,326,0.0214723926380368,0.0,0.0,1.0,1.0,0.0,1.0,1183.0,0.0,0.0,0.0,33,747,0
393,1960.83,8,1079,245.10375,255,0.0313725490196078,0.0,0.0,1.0,1.0,0.0,1.0,1334.0,0.0,0.0,0.0,43,655,0
394,2346.48,8,999,293.31,235,0.0340425531914893,1.0,1.0,0.0,1.0,1.0,2.0,1148.0,0.5,0.5,0.5,25,801,0
395,680.27,2,1007,340.135,119,0.0168067226890756,1.0,1.0,0.0,1.0,1.0,2.0,1117.0,0.5,0.5,0.5,22,790,1
396,865.73,3,1018,288.57666666666665,112,0.0267857142857142,2.0,0.0,0.0,0.0,2.0,2.0,1214.0,1.0,1.0,0.0,1,866,1
397,2322.98,9,1007,258.1088888888889,312,0.0288461538461538,,,,,,,,,,,10,863,0
398,1678.12,6,1028,279.68666666666667,291,0.0206185567010309,0.0,1.0,0.0,1.0,0.0,1.0,1093.0,0.0,0.0,1.0,23,711,0
399,568.35,2,997,284.175,220,0.009090909090909,0.0,0.0,1.0,1.0,0.0,1.0,1142.0,0.0,0.0,0.0,33,840,0
400,2309.85,8,1030,288.73125,327,0.0244648318042813,,,,,,,,,,,39,915,0
401,1273.36,4,1049,318.34000000000003,308,0.0129870129870129,1.0,1.0,0.0,1.0,1.0,2.0,1052.0,0.5,0.5,0.5,28,759,0
402,609.5799999999999,2,1179,304.79,119,0.0168067226890756,0.0,1.0,1.0,1.0,1.0,2.0,1254.0,0.0,0.5,0.5,43,770,1
403,1645.76,7,1007,235.10857142857145,302,0.0231788079470198,1.0,1.0,0.0,2.0,0.0,2.0,1101.0,0.5,0.0,0.5,8,751,0
404,2787.1,9,1007,309.6777777777777,323,0.0278637770897832,1.0,0.0,0.0,1.0,0.0,1.0,1331.0,1.0,0.0,0.0,27,692,1
405,508.49,3,1066,169.49666666666667,281,0.0106761565836298,,,,,,,,,,,5,937,0
406,2017.78,8,1106,252.2225,190,0.0421052631578947,2.0,0.0,0.0,1.0,1.0,2.0,1090.0,1.0,0.5,0.0,15,630,0
407,2722.74,9,1016,302.52666666666664,331,0.0271903323262839,1.0,0.0,0.0,0.0,1.0,1.0,1278.0,1.0,1.0,0.0,48,756,1
408,2101.4,7,1026,300.2,251,0.0278884462151394,1.0,1.0,0.0,1.0,1.0,2.0,1090.0,0.5,0.5,0.5,22,706,0
409,1524.84,9,1042,169.42666666666668,247,0.0364372469635627,0.0,1.0,0.0,0.0,1.0,1.0,1057.0,0.0,1.0,1.0,35,973,0
410,1426.2,6,1070,237.7,249,0.0240963855421686,0.0,0.0,1.0,0.0,1.0,1.0,1089.0,0.0,1.0,0.0,30,772,0
411,87.02,1,1250,87.02,0,0.0,,,,,,,,,,,48,730,1
412,184.86,1,1310,184.86,0,0.0,,,,,,,,,,,44,628,0
413,1592.61,5,1208,318.52200000000005,135,0.037037037037037,0.0,1.0,1.0,0.0,2.0,2.0,1106.0,0.0,1.0,0.5,33,918,0
414,1497.89,7,1010,213.98428571428573,280,0.025,0.0,1.0,0.0,1.0,0.0,1.0,1170.0,0.0,0.0,1.0,30,746,0
415,354.64,1,1166,354.64,0,0.0,0.0,0.0,1.0,1.0,0.0,1.0,1318.0,0.0,0.0,0.0,36,824,0
416,1442.26,5,1048,288.452,254,0.0196850393700787,1.0,1.0,0.0,0.0,2.0,2.0,1241.0,0.5,1.0,0.5,16,880,0
417,873.63,3,1058,291.21,114,0.0263157894736842,,,,,,,,,,,38,680,0
418,1282.72,3,1069,427.5733333333333,229,0.0131004366812227,1.0,0.0,1.0,1.0,1.0,2.0,1078.0,0.5,0.5,0.0,23,730,0
419,1254.4299999999998,5,1043,250.886,196,0.0255102040816326,,,,,,,,,,,37,955,1
420,2140.54,8,1066,267.5675,280,0.0285714285714285,1.0,1.0,0.0,2.0,0.0,2.0,1139.0,0.5,0.0,0.5,37,987,0
421,594.4200000000001,2,1018,297.21000000000004,42,0.0476190476190476,1.0,0.0,0.0,0.0,1.0,1.0,1229.0,1.0,1.0,0.0,28,643,0
422,1770.89,7,1002,252.98428571428573,285,0.0245614035087719,0.0,1.0,0.0,1.0,0.0,1.0,1321.0,0.0,0.0,1.0,14,716,1
423,1329.4499999999998,5,1025,265.89,319,0.0156739811912225,,,,,,,,,,,4,899,0
424,965.41,7,1079,137.91571428571427,268,0.0261194029850746,0.0,0.0,1.0,0.0,1.0,1.0,1191.0,0.0,1.0,0.0,39,726,0
425,1768.53,9,1082,196.50333333333333,230,0.0391304347826087,1.0,0.0,1.0,1.0,1.0,2.0,1029.0,0.5,0.5,0.0,33,686,0
426,1465.9299999999998,7,1033,209.4185714285714,302,0.0231788079470198,,,,,,,,,,,31,740,0
427,521.56,3,1021,173.85333333333332,223,0.0134529147982062,0.0,1.0,1.0,2.0,0.0,2.0,1010.0,0.0,0.0,0.5,13,767,0
428,2414.15,8,1196,301.76875,110,0.0727272727272727,1.0,1.0,0.0,1.0,1.0,2.0,1109.0,0.5,0.5,0.5,36,771,0
429,1361.39,5,1004,272.278,343,0.0145772594752186,2.0,0.0,0.0,1.0,1.0,2.0,1062.0,1.0,0.5,0.0,10,982,0
430,148.98,1,1032,148.98,0,0.0,0.0,1.0,1.0,1.0,1.0,2.0,1010.0,0.0,0.5,0.5,47,810,0
431,233.87,2,1015,116.935,235,0.0085106382978723,0.0,1.0,0.0,1.0,0.0,1.0,1244.0,0.0,0.0,1.0,31,847,0
432,1834.48,7,1024,262.06857142857143,278,0.0251798561151079,,,,,,,,,,,26,643,0
433,1302.43,5,1077,260.486,138,0.036231884057971,,,,,,,,,,,14,656,1
434,41.19,1,1208,41.19,0,0.0,0.0,2.0,0.0,1.0,1.0,2.0,1085.0,0.0,0.5,1.0,4,680,0
435,488.45,1,1327,488.45,0,0.0,1.0,0.0,0.0,1.0,0.0,1.0,1159.0,1.0,0.0,0.0,33,916,0
436,543.99,3,1112,181.33,138,0.0217391304347826,0.0,2.0,0.0,1.0,1.0,2.0,1021.0,0.0,0.5,1.0,47,732,0
437,1698.21,8,1032,212.27625,323,0.0247678018575851,,,,,,,,,,,13,730,0
438,2131.01,7,1018,304.43,326,0.0214723926380368,1.0,0.0,0.0,1.0,0.0,1.0,1259.0,1.0,0.0,0.0,48,883,0
439,1373.54,7,1032,196.22,281,0.0249110320284697,1.0,0.0,1.0,0.0,2.0,2.0,1179.0,0.5,1.0,0.0,41,942,0
440,1920.61,8,1017,240.07625,326,0.0245398773006134,0.0,1.0,1.0,1.0,1.0,2.0,1058.0,0.0,0.5,0.5,34,943,0
441,2560.36,8,993,320.045,274,0.0291970802919708,1.0,0.0,0.0,0.0,1.0,1.0,1035.0,1.0,1.0,0.0,43,692,1
442,412.55,1,1086,412.55,0,0.0,0.0,0.0,1.0,1.0,0.0,1.0,1063.0,0.0,0.0,0.0,35,822,0
443,1115.64,5,1115,223.128,192,0.0260416666666666,,,,,,,,,,,28,834,0
444,387.51,2,1014,193.755,18,0.1111111111111111,,,,,,,,,,,31,653,0
445,1002.46,5,1058,200.492,254,0.0196850393700787,0.0,1.0,1.0,1.0,1.0,2.0,1000.0,0.0,0.5,0.5,30,846,0
446,1516.93,6,1103,252.8216666666667,240,0.025,0.0,1.0,1.0,1.0,1.0,2.0,1031.0,0.0,0.5,0.5,32,707,0
447,169.69,1,994,169.69,0,0.0,,,,,,,,,,,13,658,0
448,1461.03,7,1017,208.71857142857144,338,0.0207100591715976,,,,,,,,,,,41,742,0
449,1460.65,5,1082,292.13,153,0.0326797385620915,1.0,0.0,1.0,0.0,2.0,2.0,1217.0,0.5,1.0,0.0,34,862,0
450,1527.63,5,1007,305.526,234,0.0213675213675213,,,,,,,,,,,8,742,1
451,364.46,2,1129,182.23,20,0.1,1.0,0.0,1.0,1.0,1.0,2.0,1074.0,0.5,0.5,0.0,42,799,0
452,2341.48,8,1016,292.685,299,0.0267558528428093,1.0,0.0,0.0,0.0,1.0,1.0,1189.0,1.0,1.0,0.0,25,702,0
453,346.54,1,1147,346.54,0,0.0,,,,,,,,,,,33,883,0
454,472.88,2,998,236.44,91,0.0219780219780219,,,,,,,,,,,10,799,0
455,565.79,3,1006,188.59666666666664,228,0.0131578947368421,1.0,1.0,0.0,2.0,0.0,2.0,1147.0,0.5,0.0,0.5,40,636,0
456,2402.0,9,1031,266.8888888888889,297,0.0303030303030303,1.0,0.0,0.0,0.0,1.0,1.0,1279.0,1.0,1.0,0.0,34,667,0
457,1730.33,8,1067,216.29125,281,0.0284697508896797,1.0,1.0,0.0,0.0,2.0,2.0,1139.0,0.5,1.0,0.5,44,828,0
458,2767.15,9,1086,307.4611111111111,182,0.0494505494505494,,,,,,,,,,,33,983,0
459,62.87,1,1091,62.87,0,0.0,0.0,1.0,0.0,0.0,1.0,1.0,1244.0,0.0,1.0,1.0,5,921,0
460,336.72,1,1234,336.72,0,0.0,0.0,2.0,0.0,0.0,2.0,2.0,1148.0,0.0,1.0,1.0,45,938,0
461,449.87,1,1339,449.87,0,0.0,0.0,1.0,1.0,0.0,2.0,2.0,1154.0,0.0,1.0,0.5,27,797,0
462,391.36,3,1221,130.45333333333335,78,0.0384615384615384,,,,,,,,,,,8,894,1
463,1668.22,7,1016,238.31714285714287,319,0.0219435736677116,,,,,,,,,,,7,886,0
464,2166.33,9,1024,240.7033333333333,317,0.028391167192429,,,,,,,,,,,22,648,0
465,1217.08,4,994,304.27,215,0.0186046511627906,,,,,,,,,,,46,675,0
466,1918.16,8,1058,239.77,253,0.0316205533596837,,,,,,,,,,,28,817,1
467,1104.21,4,1027,276.0525,284,0.0140845070422535,0.0,1.0,0.0,1.0,0.0,1.0,1250.0,0.0,0.0,1.0,9,642,0
468,818.31,4,1212,204.5775,135,0.0296296296296296,,,,,,,,,,,31,636,0
469,1626.7,6,1008,271.1166666666667,272,0.0220588235294117,0.0,0.0,2.0,0.0,2.0,2.0,1176.0,0.0,1.0,0.0,4,696,1
470,1916.68,6,1030,319.44666666666666,251,0.0239043824701195,0.0,1.0,0.0,0.0,1.0,1.0,1280.0,0.0,1.0,1.0,5,833,1
471,1109.17,5,1112,221.834,211,0.0236966824644549,1.0,0.0,1.0,1.0,1.0,2.0,1181.0,0.5,0.5,0.0,13,983,0
472,2217.28,9,994,246.3644444444444,361,0.0249307479224376,,,,,,,,,,,6,629,0
473,251.46,3,1001,83.82,279,0.010752688172043,,,,,,,,,,,23,976,0
474,2460.07,9,997,273.3411111111111,253,0.0355731225296442,1.0,0.0,1.0,1.0,1.0,2.0,1138.0,0.5,0.5,0.0,47,919,0
475,1635.13,6,1052,272.52166666666665,294,0.0204081632653061,1.0,0.0,0.0,1.0,0.0,1.0,1178.0,1.0,0.0,0.0,35,865,0
476,2145.93,8,1046,268.24125,258,0.0310077519379844,0.0,0.0,1.0,1.0,0.0,1.0,1068.0,0.0,0.0,0.0,34,963,0
477,806.96,6,1020,134.49333333333334,327,0.018348623853211,,,,,,,,,,,38,669,0
478,1615.84,5,1038,323.168,311,0.0160771704180064,,,,,,,,,,,34,796,1
479,1184.28,5,1049,236.856,275,0.0181818181818181,0.0,2.0,0.0,1.0,1.0,2.0,1100.0,0.0,0.5,1.0,11,747,0
480,1351.01,8,1034,168.87625,230,0.0347826086956521,0.0,1.0,0.0,0.0,1.0,1.0,1348.0,0.0,1.0,1.0,6,833,1
481,3386.04,9,1146,376.2266666666667,178,0.0505617977528089,0.0,0.0,1.0,1.0,0.0,1.0,1247.0,0.0,0.0,0.0,32,793,0
482,2624.42,9,1079,291.6022222222222,220,0.0409090909090909,0.0,2.0,0.0,2.0,0.0,2.0,1285.0,0.0,0.0,1.0,35,968,1
483,1262.48,6,1052,210.41333333333333,305,0.0196721311475409,0.0,1.0,0.0,0.0,1.0,1.0,1047.0,0.0,1.0,1.0,34,911,0
484,988.39,7,1038,141.19857142857143,267,0.0262172284644194,,,,,,,,,,,43,890,0
485,2129.71,7,1004,304.2442857142857,300,0.0233333333333333,0.0,0.0,1.0,1.0,0.0,1.0,1040.0,0.0,0.0,0.0,28,735,0
486,758.73,4,1053,189.6825,211,0.0189573459715639,1.0,1.0,0.0,1.0,1.0,2.0,1143.0,0.5,0.5,0.5,5,763,0
487,1624.23,7,1000,232.03285714285715,283,0.0247349823321554,0.0,0.0,2.0,1.0,1.0,2.0,1046.0,0.0,0.5,0.0,34,709,0
488,393.84,1,1086,393.84,0,0.0,,,,,,,,,,,33,828,1
489,1101.11,6,1034,183.5183333333333,293,0.0204778156996587,,,,,,,,,,,12,666,0
490,2063.08,7,1034,294.7257142857143,216,0.0324074074074074,0.0,2.0,0.0,1.0,1.0,2.0,1108.0,0.0,0.5,1.0,40,934,0
491,1483.12,6,1047,247.18666666666664,216,0.0277777777777777,0.0,0.0,1.0,1.0,0.0,1.0,996.0,0.0,0.0,0.0,44,659,1
492,1491.8,5,1005,298.36,278,0.0179856115107913,,,,,,,,,,,38,987,0
493,976.0,4,1022,244.0,249,0.0160642570281124,,,,,,,,,,,44,752,0
494,269.73,1,1207,269.73,0,0.0,1.0,0.0,0.0,1.0,0.0,1.0,1047.0,1.0,0.0,0.0,12,712,0
495,1738.14,6,1016,289.69,305,0.0196721311475409,0.0,0.0,1.0,0.0,1.0,1.0,1247.0,0.0,1.0,0.0,37,986,0
496,216.79,2,1216,108.395,35,0.0571428571428571,0.0,1.0,0.0,1.0,0.0,1.0,1331.0,0.0,0.0,1.0,1,630,0
497,1554.77,6,1010,259.12833333333333,259,0.0231660231660231,2.0,0.0,0.0,0.0,2.0,2.0,1210.0,1.0,1.0,0.0,40,751,0
498,763.91,2,1154,381.955,182,0.0109890109890109,,,,,,,,,,,5,814,1
499,458.77,2,1028,229.385,48,0.0416666666666666,1.0,0.0,0.0,1.0,0.0,1.0,1351.0,1.0,0.0,0.0,2,659,0
500,2429.2200000000003,9,1057,269.91333333333336,232,0.0387931034482758,,,,,,,,,,,46,667,0
501,1317.1799999999998,8,995,164.64749999999998,325,0.0246153846153846,,,,,,,,,,,25,888,0
502,703.3299999999999,4,1035,175.83249999999998,238,0.0168067226890756,1.0,1.0,0.0,0.0,2.0,2.0,1265.0,0.5,1.0,0.5,38,730,0
503,1336.58,6,1022,222.7633333333333,265,0.0226415094339622,,,,,,,,,,,25,652,0
504,551.93,3,1211,183.97666666666663,107,0.02803738317757,0.0,1.0,0.0,0.0,1.0,1.0,1201.0,0.0,1.0,1.0,48,685,0
505,2312.7,7,1005,330.38571428571424,306,0.022875816993464,2.0,0.0,0.0,1.0,1.0,2.0,1224.0,1.0,0.5,0.0,22,819,0
506,1009.74,4,1280,252.435,61,0.0655737704918032,1.0,0.0,1.0,0.0,2.0,2.0,1220.0,0.5,1.0,0.0,1,771,1
507,2325.03,9,1074,258.3366666666667,252,0.0357142857142857,1.0,0.0,1.0,1.0,1.0,2.0,1028.0,0.5,0.5,0.0,25,705,1
508,1536.61,5,1086,307.322,269,0.0185873605947955,,,,,,,,,,,33,699,0
509,2446.54,9,997,271.8377777777778,316,0.0284810126582278,0.0,0.0,1.0,0.0,1.0,1.0,1126.0,0.0,1.0,0.0,22,773,1
510,392.1,1,1267,392.1,0,0.0,1.0,0.0,0.0,0.0,1.0,1.0,1061.0,1.0,1.0,0.0,31,808,1
511,2027.88,9,1000,225.32,329,0.0273556231003039,1.0,0.0,0.0,1.0,0.0,1.0,1352.0,1.0,0.0,0.0,19,950,1
512,1362.35,5,1021,272.47,243,0.0205761316872428,,,,,,,,,,,48,779,0
513,172.81,1,1188,172.81,0,0.0,,,,,,,,,,,18,824,0
514,1606.29,6,1057,267.715,272,0.0220588235294117,,,,,,,,,,,1,789,0
515,1639.58,6,1021,273.2633333333333,334,0.0179640718562874,,,,,,,,,,,19,987,0
516,612.22,3,1091,204.07333333333332,239,0.0125523012552301,,,,,,,,,,,14,631,1
517,1073.98,5,1003,214.796,274,0.0182481751824817,,,,,,,,,,,11,982,0
518,3078.6,9,1041,342.06666666666666,294,0.0306122448979591,0.0,1.0,1.0,1.0,1.0,2.0,1238.0,0.0,0.5,0.5,8,725,1
519,1894.4,9,1032,210.4888888888889,207,0.0434782608695652,2.0,0.0,0.0,1.0,1.0,2.0,1167.0,1.0,0.5,0.0,18,833,0
520,1959.29,5,1008,391.858,242,0.0206611570247933,1.0,0.0,1.0,2.0,0.0,2.0,1118.0,0.5,0.0,0.0,9,796,0
521,645.75,2,1256,322.875,90,0.0222222222222222,1.0,1.0,0.0,1.0,1.0,2.0,1220.0,0.5,0.5,0.5,43,953,1
522,2557.54,9,1045,284.1711111111111,270,0.0333333333333333,0.0,2.0,0.0,1.0,1.0,2.0,1104.0,0.0,0.5,1.0,28,735,0
523,2090.02,9,1000,232.22444444444443,338,0.0266272189349112,,,,,,,,,,,11,759,0
524,2565.36,9,1031,285.04,245,0.036734693877551,0.0,1.0,0.0,0.0,1.0,1.0,1137.0,0.0,1.0,1.0,49,690,0
525,462.44,4,1099,115.61,257,0.0155642023346303,0.0,0.0,1.0,0.0,1.0,1.0,1030.0,0.0,1.0,0.0,41,652,0
526,446.32,4,1090,111.58,241,0.0165975103734439,0.0,1.0,0.0,1.0,0.0,1.0,1278.0,0.0,0.0,1.0,30,948,0
527,343.51,3,1002,114.50333333333332,220,0.0136363636363636,,,,,,,,,,,44,631,0
528,1353.55,6,1005,225.59166666666667,320,0.01875,0.0,1.0,0.0,1.0,0.0,1.0,1012.0,0.0,0.0,1.0,27,857,0
529,2333.7200000000003,8,1033,291.71500000000003,227,0.0352422907488986,0.0,1.0,0.0,0.0,1.0,1.0,1345.0,0.0,1.0,1.0,26,855,0
530,1311.64,6,1028,218.60666666666663,166,0.036144578313253,,,,,,,,,,,49,653,1
531,2008.12,9,1039,223.12444444444444,270,0.0333333333333333,1.0,0.0,0.0,0.0,1.0,1.0,1104.0,1.0,1.0,0.0,12,680,1
532,2372.58,8,1033,296.5725,320,0.025,1.0,1.0,0.0,1.0,1.0,2.0,1145.0,0.5,0.5,0.5,38,698,0
533,388.31,1,1104,388.31,0,0.0,0.0,1.0,0.0,0.0,1.0,1.0,1342.0,0.0,1.0,1.0,27,691,0
534,536.31,3,1021,178.76999999999998,224,0.0133928571428571,1.0,0.0,1.0,0.0,2.0,2.0,1042.0,0.5,1.0,0.0,37,765,0
535,2145.98,8,1027,268.2475,275,0.029090909090909,,,,,,,,,,,17,816,0
536,1639.36,4,1126,409.84,173,0.0231213872832369,0.0,1.0,0.0,0.0,1.0,1.0,1157.0,0.0,1.0,1.0,46,679,0
537,2067.57,6,995,344.595,335,0.017910447761194,,,,,,,,,,,9,846,1
538,651.88,2,1157,325.94,51,0.0392156862745098,0.0,1.0,1.0,1.0,1.0,2.0,1005.0,0.0,0.5,0.5,6,829,0
539,1286.35,6,1108,214.39166666666665,248,0.0241935483870967,0.0,1.0,1.0,1.0,1.0,2.0,1098.0,0.0,0.5,0.5,13,728,0
540,649.47,2,1238,324.735,92,0.0217391304347826,0.0,1.0,0.0,0.0,1.0,1.0,1167.0,0.0,1.0,1.0,6,976,0
541,185.03,2,1169,92.515,58,0.0344827586206896,2.0,0.0,0.0,1.0,1.0,2.0,1113.0,1.0,0.5,0.0,38,728,0
542,344.77,3,1078,114.92333333333332,236,0.0127118644067796,,,,,,,,,,,4,805,0
543,939.83,5,1015,187.966,336,0.0148809523809523,1.0,0.0,0.0,0.0,1.0,1.0,1321.0,1.0,1.0,0.0,16,756,1
544,1099.45,4,996,274.8625,350,0.0114285714285714,1.0,0.0,0.0,0.0,1.0,1.0,1203.0,1.0,1.0,0.0,36,941,0
545,452.87,2,1083,226.435,182,0.0109890109890109,1.0,0.0,1.0,2.0,0.0,2.0,1108.0,0.5,0.0,0.0,43,712,1
546,575.05,2,1333,287.525,4,0.5,2.0,0.0,0.0,2.0,0.0,2.0,1111.0,1.0,0.0,0.0,14,952,0
547,716.14,3,1014,238.7133333333333,324,0.0092592592592592,,,,,,,,,,,29,971,0
548,2116.14,9,1003,235.1266666666667,318,0.0283018867924528,,,,,,,,,,,24,660,0
549,358.67,2,1059,179.335,202,0.0099009900990099,,,,,,,,,,,39,748,0
550,2140.26,8,1002,267.5325,204,0.0392156862745098,1.0,0.0,1.0,1.0,1.0,2.0,1002.0,0.5,0.5,0.0,39,629,0
551,3027.91,9,1023,336.4344444444444,268,0.0335820895522388,1.0,1.0,0.0,0.0,2.0,2.0,1177.0,0.5,1.0,0.5,45,990,0
552,1049.96,3,1113,349.9866666666667,101,0.0297029702970297,,,,,,,,,,,25,957,0
553,2125.61,7,1026,303.65857142857146,258,0.0271317829457364,,,,,,,,,,,46,665,0
554,1822.54,6,999,303.75666666666666,187,0.0320855614973262,0.0,1.0,0.0,1.0,0.0,1.0,1269.0,0.0,0.0,1.0,46,725,0
555,393.99,2,1071,196.995,178,0.0112359550561797,,,,,,,,,,,3,680,0
556,2132.54,7,995,304.6485714285714,351,0.0199430199430199,0.0,1.0,0.0,1.0,0.0,1.0,1053.0,0.0,0.0,1.0,42,953,0
557,1179.98,3,1010,393.32666666666665,335,0.008955223880597,0.0,2.0,0.0,1.0,1.0,2.0,1001.0,0.0,0.5,1.0,27,657,0
558,1722.97,6,1032,287.1616666666667,325,0.0184615384615384,,,,,,,,,,,12,696,0
559,2151.66,7,1068,307.38,248,0.0282258064516129,1.0,0.0,0.0,0.0,1.0,1.0,1339.0,1.0,1.0,0.0,43,766,0
560,203.34,2,1014,101.67,195,0.0102564102564102,,,,,,,,,,,2,639,1
561,1369.4,6,999,228.23333333333332,334,0.0179640718562874,0.0,1.0,0.0,1.0,0.0,1.0,1247.0,0.0,0.0,1.0,38,698,0
562,2160.95,9,1034,240.10555555555555,291,0.0309278350515463,,,,,,,,,,,26,860,1
563,1090.13,5,1004,218.026,329,0.0151975683890577,,,,,,,,,,,29,830,0
564,1859.23,7,1018,265.6042857142857,232,0.0301724137931034,,,,,,,,,,,45,836,0
565,2436.25,6,1020,406.0416666666667,317,0.0189274447949526,0.0,0.0,2.0,1.0,1.0,2.0,1056.0,0.0,0.5,0.0,30,881,1
566,1867.21,7,1022,266.7442857142857,328,0.0213414634146341,,,,,,,,,,,38,827,0
567,472.36,1,1348,472.36,0,0.0,,,,,,,,,,,41,662,0
568,1051.21,3,1071,350.40333333333336,152,0.0197368421052631,0.0,1.0,0.0,1.0,0.0,1.0,1166.0,0.0,0.0,1.0,32,765,0
569,1550.85,6,1017,258.475,207,0.0289855072463768,1.0,0.0,0.0,1.0,0.0,1.0,1064.0,1.0,0.0,0.0,38,667,0
570,2358.04,7,1099,336.86285714285714,207,0.0338164251207729,1.0,1.0,0.0,1.0,1.0,2.0,1055.0,0.5,0.5,0.5,21,777,0
571,962.48,3,1058,320.82666666666665,157,0.019108280254777,0.0,1.0,0.0,0.0,1.0,1.0,1285.0,0.0,1.0,1.0,8,878,0
572,538.06,2,995,269.03,15,0.1333333333333333,,,,,,,,,,,6,967,0
573,1331.4,5,1050,266.28000000000003,270,0.0185185185185185,,,,,,,,,,,4,970,0
574,2437.4,9,993,270.82222222222225,300,0.03,0.0,1.0,0.0,1.0,0.0,1.0,1085.0,0.0,0.0,1.0,17,902,1
575,1550.26,9,1052,172.2511111111111,298,0.0302013422818791,1.0,0.0,1.0,1.0,1.0,2.0,1101.0,0.5,0.5,0.0,21,802,0
576,755.9300000000001,4,1115,188.9825,165,0.0242424242424242,0.0,2.0,0.0,0.0,2.0,2.0,1116.0,0.0,1.0,1.0,4,638,1
577,2373.23,8,1079,296.65375,196,0.0408163265306122,0.0,1.0,0.0,0.0,1.0,1.0,1156.0,0.0,1.0,1.0,35,878,1
578,715.6,3,1068,238.53333333333333,133,0.0225563909774436,1.0,0.0,0.0,1.0,0.0,1.0,1094.0,1.0,0.0,0.0,30,880,0
579,402.41,2,1156,201.205,2,1.0,,,,,,,,,,,27,850,1
580,232.75,2,1013,116.375,46,0.0434782608695652,1.0,1.0,0.0,1.0,1.0,2.0,1022.0,0.5,0.5,0.5,12,658,0
581,407.66,2,1173,203.83,39,0.0512820512820512,1.0,0.0,0.0,0.0,1.0,1.0,1153.0,1.0,1.0,0.0,48,909,0
582,1876.36,7,1071,268.0514285714286,278,0.0251798561151079,,,,,,,,,,,20,702,0
583,783.96,4,1107,195.99,82,0.048780487804878,,,,,,,,,,,40,947,0
584,1677.08,7,1128,239.58285714285716,211,0.0331753554502369,1.0,1.0,0.0,1.0,1.0,2.0,1189.0,0.5,0.5,0.5,44,682,0
585,1709.36,6,1062,284.8933333333333,287,0.0209059233449477,0.0,1.0,1.0,2.0,0.0,2.0,1164.0,0.0,0.0,0.5,41,895,0
586,1667.53,5,1217,333.506,130,0.0384615384615384,0.0,1.0,0.0,0.0,1.0,1.0,1287.0,0.0,1.0,1.0,33,675,1
587,623.49,3,1036,207.83,122,0.0245901639344262,0.0,0.0,1.0,1.0,0.0,1.0,1006.0,0.0,0.0,0.0,10,902,0
588,1726.51,8,1010,215.81375,345,0.0231884057971014,1.0,0.0,1.0,1.0,1.0,2.0,1196.0,0.5,0.5,0.0,5,668,1
589,2356.94,9,995,261.88222222222225,338,0.0266272189349112,1.0,0.0,1.0,1.0,1.0,2.0,1035.0,0.5,0.5,0.0,11,883,1
590,1383.59,9,1023,153.73222222222222,307,0.0293159609120521,,,,,,,,,,,21,706,0
591,215.12,1,1198,215.12,0,0.0,1.0,1.0,0.0,1.0,1.0,2.0,1119.0,0.5,0.5,0.5,20,880,0
592,2642.14,8,1027,330.2675,311,0.0257234726688102,,,,,,,,,,,44,959,0
593,2959.62,9,998,328.84666666666664,358,0.0251396648044692,0.0,1.0,0.0,1.0,0.0,1.0,1100.0,0.0,0.0,1.0,9,989,0
594,2544.69,9,994,282.74333333333334,354,0.0254237288135593,0.0,1.0,1.0,1.0,1.0,2.0,999.0,0.0,0.5,0.5,30,833,0
595,2270.36,8,1103,283.795,253,0.0316205533596837,0.0,1.0,0.0,1.0,0.0,1.0,1059.0,0.0,0.0,1.0,48,880,0
596,1346.76,5,1094,269.352,151,0.0331125827814569,,,,,,,,,,,4,835,0
597,1726.9,7,1068,246.7,287,0.024390243902439,0.0,1.0,0.0,0.0,1.0,1.0,1156.0,0.0,1.0,1.0,9,703,0
598,1906.1,7,998,272.3,250,0.028,,,,,,,,,,,40,803,0
599,2347.42,9,1091,260.82444444444445,251,0.0358565737051792,1.0,1.0,0.0,2.0,0.0,2.0,1046.0,0.5,0.0,0.5,3,643,0
600,865.0,4,1037,216.25,176,0.0227272727272727,0.0,0.0,1.0,0.0,1.0,1.0,1233.0,0.0,1.0,0.0,38,667,0
601,2473.79,8,1041,309.22375,195,0.041025641025641,1.0,1.0,0.0,1.0,1.0,2.0,1253.0,0.5,0.5,0.5,25,739,0
602,1158.83,9,1063,128.7588888888889,217,0.0414746543778801,,,,,,,,,,,37,860,1
603,1476.4,5,1012,295.28000000000003,288,0.0173611111111111,,,,,,,,,,,30,826,0
604,437.93,3,1061,145.97666666666666,76,0.0394736842105263,1.0,1.0,0.0,1.0,1.0,2.0,1093.0,0.5,0.5,0.5,31,867,0
605,1187.98,4,1000,296.995,337,0.0118694362017804,,,,,,,,,,,17,980,1
606,271.99,1,1158,271.99,0,0.0,,,,,,,,,,,10,717,0
607,1489.51,5,1005,297.902,329,0.0151975683890577,1.0,0.0,0.0,0.0,1.0,1.0,1038.0,1.0,1.0,0.0,8,977,1
608,2463.96,9,995,273.7733333333333,285,0.031578947368421,1.0,0.0,0.0,0.0,1.0,1.0,1110.0,1.0,1.0,0.0,2,979,0
609,110.77,1,1152,110.77,0,0.0,2.0,0.0,0.0,1.0,1.0,2.0,1133.0,1.0,0.5,0.0,32,638,0
610,1504.22,5,1095,300.844,179,0.0279329608938547,,,,,,,,,,,11,652,0
611,624.87,3,1062,208.29,238,0.0126050420168067,1.0,0.0,0.0,0.0,1.0,1.0,1180.0,1.0,1.0,0.0,10,709,0
612,1688.29,7,1010,241.1842857142857,318,0.0220125786163522,1.0,1.0,0.0,2.0,0.0,2.0,1133.0,0.5,0.0,0.5,41,642,0
613,612.18,3,1028,204.06,207,0.0144927536231884,,,,,,,,,,,32,755,0
614,1239.16,3,1014,413.0533333333333,171,0.0175438596491228,0.0,1.0,0.0,1.0,0.0,1.0,1039.0,0.0,0.0,1.0,24,909,1
615,481.68,3,1185,160.55999999999997,75,0.04,0.0,2.0,0.0,1.0,1.0,2.0,1134.0,0.0,0.5,1.0,7,770,0
616,1674.35,8,1108,209.29375,224,0.0357142857142857,0.0,1.0,0.0,0.0,1.0,1.0,1127.0,0.0,1.0,1.0,29,767,1
617,2146.58,7,1016,306.6542857142857,293,0.0238907849829351,,,,,,,,,,,2,971,1
618,1025.54,7,1017,146.50571428571428,322,0.0217391304347826,0.0,1.0,1.0,2.0,0.0,2.0,1224.0,0.0,0.0,0.5,16,669,1
619,244.19,1,1258,244.19,0,0.0,0.0,1.0,0.0,0.0,1.0,1.0,1029.0,0.0,1.0,1.0,31,876,1
620,694.35,3,1007,231.45,56,0.0535714285714285,1.0,0.0,0.0,0.0,1.0,1.0,1300.0,1.0,1.0,0.0,12,937,0
621,204.8,2,1309,102.4,47,0.0425531914893617,0.0,1.0,0.0,1.0,0.0,1.0,1149.0,0.0,0.0,1.0,32,766,0
622,754.54,5,1018,150.908,292,0.0171232876712328,0.0,0.0,1.0,0.0,1.0,1.0,1180.0,0.0,1.0,0.0,47,719,0
623,1074.25,7,1034,153.46428571428572,294,0.0238095238095238,0.0,0.0,2.0,0.0,2.0,2.0,1035.0,0.0,1.0,0.0,41,891,0
624,934.44,4,1123,233.61,225,0.0177777777777777,,,,,,,,,,,18,670,0
625,2452.39,9,1002,272.4877777777777,310,0.0290322580645161,,,,,,,,,,,3,778,1
626,2416.9,8,1021,302.1125,318,0.0251572327044025,,,,,,,,,,,16,935,0
627,1929.48,6,1110,321.58,206,0.029126213592233,0.0,1.0,0.0,1.0,0.0,1.0,1166.0,0.0,0.0,1.0,49,673,1
628,67.65,1,1235,67.65,0,0.0,0.0,0.0,1.0,1.0,0.0,1.0,1028.0,0.0,0.0,0.0,42,977,0
629,657.3699999999999,3,1068,219.1233333333333,23,0.1304347826086956,0.0,2.0,0.0,1.0,1.0,2.0,1105.0,0.0,0.5,1.0,18,986,0
630,942.44,2,1089,471.22,144,0.0138888888888888,0.0,0.0,1.0,0.0,1.0,1.0,1289.0,0.0,1.0,0.0,44,764,1
631,238.83,1,1226,238.83,0,0.0,1.0,0.0,1.0,1.0,1.0,2.0,1041.0,0.5,0.5,0.0,15,789,0
632,1060.86,6,1046,176.81000000000003,201,0.0298507462686567,0.0,0.0,1.0,0.0,1.0,1.0,1320.0,0.0,1.0,0.0,41,661,0
633,1985.72,8,995,248.215,340,0.0235294117647058,0.0,2.0,0.0,0.0,2.0,2.0,1155.0,0.0,1.0,1.0,37,685,0
634,1053.54,4,1086,263.385,215,0.0186046511627906,1.0,0.0,1.0,0.0,2.0,2.0,1038.0,0.5,1.0,0.0,23,882,0
635,1574.74,5,1207,314.948,102,0.0490196078431372,0.0,1.0,0.0,0.0,1.0,1.0,1282.0,0.0,1.0,1.0,26,649,0
636,1041.72,5,1034,208.344,294,0.0170068027210884,0.0,0.0,2.0,1.0,1.0,2.0,1005.0,0.0,0.5,0.0,7,723,0
637,1629.96,8,1066,203.745,182,0.0439560439560439,0.0,1.0,0.0,1.0,0.0,1.0,1170.0,0.0,0.0,1.0,48,877,0
638,194.63,2,1082,97.315,239,0.00836820083682,,,,,,,,,,,21,873,0
639,1874.22,8,995,234.2775,359,0.022284122562674,0.0,0.0,1.0,0.0,1.0,1.0,1091.0,0.0,1.0,0.0,29,904,0
640,2408.65,8,1005,301.08125,229,0.0349344978165938,1.0,1.0,0.0,1.0,1.0,2.0,1116.0,0.5,0.5,0.5,45,665,0
641,1717.5700000000002,9,1027,190.84111111111116,302,0.0298013245033112,1.0,0.0,1.0,1.0,1.0,2.0,1295.0,0.5,0.5,0.0,7,827,1
642,1587.38,6,1167,264.56333333333333,178,0.0337078651685393,1.0,0.0,0.0,0.0,1.0,1.0,1067.0,1.0,1.0,0.0,6,766,0
643,1060.42,7,996,151.48857142857145,337,0.0207715133531157,,,,,,,,,,,27,733,1
644,266.05,2,1049,133.025,6,0.3333333333333333,0.0,1.0,0.0,1.0,0.0,1.0,1195.0,0.0,0.0,1.0,43,739,1
645,328.56,1,1145,328.56,0,0.0,0.0,2.0,0.0,1.0,1.0,2.0,1067.0,0.0,0.5,1.0,46,814,0
646,163.69,1,1231,163.69,0,0.0,,,,,,,,,,,17,939,1
647,12.46,1,1346,12.46,0,0.0,1.0,1.0,0.0,1.0,1.0,2.0,1183.0,0.5,0.5,0.5,24,923,0
648,1028.17,3,1173,342.72333333333336,131,0.0229007633587786,0.0,1.0,0.0,1.0,0.0,1.0,1290.0,0.0,0.0,1.0,28,770,0
649,759.5699999999999,4,1043,189.8925,136,0.0294117647058823,0.0,0.0,1.0,0.0,1.0,1.0,1098.0,0.0,1.0,0.0,26,811,0
650,499.67,2,995,249.835,291,0.0068728522336769,1.0,0.0,0.0,1.0,0.0,1.0,1100.0,1.0,0.0,0.0,38,751,1
651,1467.02,7,1015,209.5742857142857,338,0.0207100591715976,,,,,,,,,,,26,856,0
652,1245.86,5,1072,249.172,269,0.0185873605947955,1.0,1.0,0.0,0.0,2.0,2.0,1192.0,0.5,1.0,0.5,40,855,0
653,392.17,1,1115,392.17,0,0.0,0.0,1.0,0.0,1.0,0.0,1.0,1020.0,0.0,0.0,1.0,1,904,0
654,1437.17,9,1055,159.68555555555557,174,0.0517241379310344,0.0,0.0,1.0,1.0,0.0,1.0,1285.0,0.0,0.0,0.0,19,943,0
655,2097.25,9,1139,233.02777777777777,215,0.041860465116279,1.0,0.0,1.0,0.0,2.0,2.0,1008.0,0.5,1.0,0.0,26,962,0
656,1567.52,7,1038,223.93142857142857,301,0.0232558139534883,,,,,,,,,,,35,802,0
657,1135.3,5,1110,227.06,40,0.125,0.0,1.0,0.0,1.0,0.0,1.0,1114.0,0.0,0.0,1.0,16,652,1
658,1132.79,6,1101,188.7983333333333,180,0.0333333333333333,0.0,1.0,0.0,0.0,1.0,1.0,1320.0,0.0,1.0,1.0,13,817,1
659,1658.16,6,1024,276.36,281,0.0213523131672597,1.0,1.0,0.0,1.0,1.0,2.0,1130.0,0.5,0.5,0.5,10,725,0
660,2676.26,8,1066,334.5325,282,0.0283687943262411,1.0,1.0,0.0,1.0,1.0,2.0,1121.0,0.5,0.5,0.5,8,768,0
661,1579.69,8,1001,197.46125,263,0.0304182509505703,,,,,,,,,,,27,708,0
662,758.41,4,1164,189.6025,124,0.032258064516129,,,,,,,,,,,26,749,0
663,1160.99,6,1096,193.4983333333333,217,0.0276497695852534,1.0,0.0,0.0,0.0,1.0,1.0,1304.0,1.0,1.0,0.0,3,891,0
664,1972.94,6,1027,328.8233333333333,285,0.0210526315789473,1.0,0.0,0.0,0.0,1.0,1.0,1056.0,1.0,1.0,0.0,45,757,0
665,1405.19,5,1116,281.038,199,0.0251256281407035,1.0,0.0,0.0,0.0,1.0,1.0,994.0,1.0,1.0,0.0,36,827,0
666,474.38,1,1344,474.38,0,0.0,,,,,,,,,,,41,698,0
667,1442.15,6,1119,240.35833333333332,233,0.0257510729613733,0.0,0.0,1.0,1.0,0.0,1.0,1291.0,0.0,0.0,0.0,8,701,0
668,1668.59,7,999,238.37,353,0.0198300283286118,0.0,1.0,0.0,0.0,1.0,1.0,1009.0,0.0,1.0,1.0,32,839,0
669,2232.41,8,1052,279.05125,249,0.0321285140562249,1.0,0.0,1.0,1.0,1.0,2.0,1004.0,0.5,0.5,0.0,19,683,0
670,143.34,1,1049,143.34,0,0.0,,,,,,,,,,,12,901,0
671,2587.47,9,1013,287.49666666666667,343,0.0262390670553935,1.0,0.0,0.0,1.0,0.0,1.0,1063.0,1.0,0.0,0.0,45,934,0
672,77.31,1,1208,77.31,0,0.0,0.0,2.0,0.0,2.0,0.0,2.0,1182.0,0.0,0.0,1.0,45,902,0
673,1779.5,8,1018,222.4375,294,0.0272108843537414,1.0,1.0,0.0,2.0,0.0,2.0,1268.0,0.5,0.0,0.5,13,810,0
674,2314.49,9,1095,257.1655555555556,226,0.0398230088495575,1.0,1.0,0.0,1.0,1.0,2.0,1279.0,0.5,0.5,0.5,44,970,1
675,2461.3,9,998,273.4777777777778,333,0.027027027027027,0.0,0.0,2.0,2.0,0.0,2.0,1156.0,0.0,0.0,0.0,48,835,0
676,923.55,5,994,184.71,335,0.0149253731343283,,,,,,,,,,,45,673,0
677,308.82,1,1246,308.82,0,0.0,2.0,0.0,0.0,1.0,1.0,2.0,1134.0,1.0,0.5,0.0,7,807,1
678,864.3,4,1014,216.075,218,0.018348623853211,1.0,0.0,0.0,1.0,0.0,1.0,1076.0,1.0,0.0,0.0,47,881,0
679,1700.3,7,998,242.9,349,0.0200573065902578,0.0,0.0,2.0,1.0,1.0,2.0,1157.0,0.0,0.5,0.0,47,750,0
680,2490.85,9,1011,276.7611111111111,345,0.0260869565217391,,,,,,,,,,,16,635,0
681,1463.19,4,1089,365.7975,208,0.0192307692307692,,,,,,,,,,,32,820,0
682,1084.11,5,1008,216.822,310,0.0161290322580645,0.0,1.0,0.0,1.0,0.0,1.0,1130.0,0.0,0.0,1.0,9,736,1
683,1383.28,5,1030,276.656,292,0.0171232876712328,0.0,0.0,2.0,1.0,1.0,2.0,1193.0,0.0,0.5,0.0,26,762,0
684,1240.94,5,1038,248.188,289,0.0173010380622837,0.0,0.0,1.0,1.0,0.0,1.0,1337.0,0.0,0.0,0.0,48,788,0
685,534.74,2,1281,267.37,63,0.0317460317460317,,,,,,,,,,,40,785,1
686,1019.67,4,1020,254.9175,248,0.0161290322580645,,,,,,,,,,,47,783,0
687,1446.69,9,1007,160.74333333333334,339,0.0265486725663716,0.0,1.0,0.0,1.0,0.0,1.0,1342.0,0.0,0.0,1.0,20,665,0
688,2281.4700000000003,9,1012,253.4966666666667,274,0.0328467153284671,0.0,2.0,0.0,1.0,1.0,2.0,1021.0,0.0,0.5,1.0,6,715,0
689,897.51,4,1003,224.3775,294,0.0136054421768707,,,,,,,,,,,11,969,0
690,638.06,3,1004,212.68666666666664,243,0.0123456790123456,,,,,,,,,,,29,637,0
691,683.19,2,1033,341.595,273,0.0073260073260073,,,,,,,,,,,7,982,1
692,1421.26,5,1031,284.252,298,0.0167785234899328,,,,,,,,,,,29,818,0
693,2154.62,8,1009,269.3275,331,0.0241691842900302,1.0,0.0,0.0,1.0,0.0,1.0,1170.0,1.0,0.0,0.0,43,719,0
694,1500.44,7,1082,214.34857142857143,227,0.0308370044052863,,,,,,,,,,,4,981,0
695,2615.4300000000003,9,999,290.6033333333333,354,0.0254237288135593,0.0,2.0,0.0,1.0,1.0,2.0,1249.0,0.0,0.5,1.0,24,953,1
696,55.77,1,1272,55.77,0,0.0,1.0,0.0,0.0,0.0,1.0,1.0,1066.0,1.0,1.0,0.0,3,952,1
697,489.1,2,1101,244.55,54,0.037037037037037,,,,,,,,,,,12,801,0
698,273.02,2,1047,136.51,149,0.0134228187919463,,,,,,,,,,,35,809,0
699,994.16,4,1028,248.54,145,0.0275862068965517,,,,,,,,,,,8,948,1
700,2810.28,8,1098,351.285,222,0.036036036036036,0.0,2.0,0.0,1.0,1.0,2.0,1296.0,0.0,0.5,1.0,38,641,0
701,2395.1,9,1053,266.1222222222222,298,0.0302013422818791,,,,,,,,,,,41,975,0
702,681.77,5,1067,136.35399999999998,215,0.0232558139534883,,,,,,,,,,,38,628,1
703,1289.55,7,1051,184.22142857142856,306,0.022875816993464,1.0,1.0,0.0,2.0,0.0,2.0,1158.0,0.5,0.0,0.5,15,734,0
704,948.68,3,1238,316.2266666666667,92,0.0326086956521739,,,,,,,,,,,5,686,0
705,1783.47,7,1120,254.78142857142856,196,0.0357142857142857,0.0,2.0,0.0,0.0,2.0,2.0,1071.0,0.0,1.0,1.0,40,857,0
706,104.0,1,1214,104.0,0,0.0,0.0,0.0,1.0,0.0,1.0,1.0,1215.0,0.0,1.0,0.0,16,907,0
707,35.24,1,1253,35.24,0,0.0,0.0,1.0,0.0,0.0,1.0,1.0,1325.0,0.0,1.0,1.0,46,991,0
708,807.48,3,1009,269.16,339,0.0088495575221238,0.0,0.0,1.0,0.0,1.0,1.0,1261.0,0.0,1.0,0.0,28,721,0
709,346.94,1,1227,346.94,0,0.0,,,,,,,,,,,13,791,0
710,1373.66,6,1019,228.94333333333336,234,0.0256410256410256,,,,,,,,,,,41,874,0
711,391.99,1,1211,391.99,0,0.0,1.0,0.0,0.0,0.0,1.0,1.0,1073.0,1.0,1.0,0.0,11,936,0
712,1159.39,5,1021,231.878,268,0.0186567164179104,0.0,2.0,0.0,2.0,0.0,2.0,1181.0,0.0,0.0,1.0,37,659,0
713,1792.54,8,1048,224.0675,245,0.0326530612244898,0.0,1.0,0.0,1.0,0.0,1.0,1304.0,0.0,0.0,1.0,3,922,0
714,1170.32,8,1000,146.29,341,0.0234604105571847,,,,,,,,,,,8,742,0
715,555.91,2,1136,277.955,56,0.0357142857142857,0.0,1.0,0.0,0.0,1.0,1.0,1058.0,0.0,1.0,1.0,38,840,0
716,3220.3,9,1037,357.8111111111112,314,0.0286624203821656,0.0,2.0,0.0,1.0,1.0,2.0,1231.0,0.0,0.5,1.0,47,982,1
717,1950.63,7,1085,278.6614285714286,151,0.0463576158940397,0.0,1.0,1.0,0.0,2.0,2.0,1039.0,0.0,1.0,0.5,34,870,0
718,1845.21,6,1068,307.535,238,0.0252100840336134,0.0,0.0,1.0,0.0,1.0,1.0,1129.0,0.0,1.0,0.0,38,800,0
719,434.86,2,1089,217.43,225,0.0088888888888888,,,,,,,,,,,42,643,0
720,1551.13,6,1094,258.5216666666667,263,0.0228136882129277,0.0,1.0,1.0,1.0,1.0,2.0,1183.0,0.0,0.5,0.5,24,963,0
721,921.33,5,1161,184.266,98,0.0510204081632653,,,,,,,,,,,18,875,0
722,814.74,3,1019,271.58,199,0.0150753768844221,0.0,1.0,0.0,0.0,1.0,1.0,1173.0,0.0,1.0,1.0,25,900,0
723,2143.56,7,1051,306.22285714285715,266,0.0263157894736842,0.0,1.0,1.0,2.0,0.0,2.0,1017.0,0.0,0.0,0.5,13,840,0
724,477.73,2,1213,238.865,5,0.4,0.0,0.0,1.0,0.0,1.0,1.0,1333.0,0.0,1.0,0.0,39,696,0
725,627.29,2,1233,313.645,51,0.0392156862745098,,,,,,,,,,,22,706,0
726,2048.2,8,1002,256.025,335,0.0238805970149253,1.0,0.0,0.0,1.0,0.0,1.0,1055.0,1.0,0.0,0.0,30,752,0
727,1252.1,6,1001,208.6833333333333,289,0.0207612456747404,,,,,,,,,,,30,768,0
728,1552.44,5,1050,310.488,284,0.0176056338028169,1.0,0.0,0.0,0.0,1.0,1.0,1076.0,1.0,1.0,0.0,37,868,0
729,161.07,2,1005,80.535,251,0.0079681274900398,0.0,0.0,1.0,1.0,0.0,1.0,1154.0,0.0,0.0,0.0,45,953,0
730,1247.79,6,1098,207.965,163,0.0368098159509202,0.0,1.0,0.0,1.0,0.0,1.0,1301.0,0.0,0.0,1.0,43,639,0
731,1559.5,8,1083,194.9375,244,0.0327868852459016,,,,,,,,,,,15,639,0
732,1865.72,9,1106,207.3022222222222,209,0.0430622009569378,0.0,0.0,1.0,0.0,1.0,1.0,1340.0,0.0,1.0,0.0,35,643,0
733,681.14,3,1043,227.04666666666665,307,0.009771986970684,0.0,0.0,2.0,0.0,2.0,2.0,1277.0,0.0,1.0,0.0,6,978,1
734,1047.12,5,1054,209.424,249,0.0200803212851405,1.0,0.0,1.0,1.0,1.0,2.0,1013.0,0.5,0.5,0.0,11,746,0
735,2165.49,8,1009,270.68625000000003,313,0.0255591054313099,0.0,2.0,0.0,1.0,1.0,2.0,1132.0,0.0,0.5,1.0,28,715,0
736,576.3,3,1142,192.1,103,0.029126213592233,1.0,0.0,0.0,0.0,1.0,1.0,1141.0,1.0,1.0,0.0,30,931,0
737,2132.05,9,1037,236.89444444444447,300,0.03,0.0,1.0,1.0,1.0,1.0,2.0,1110.0,0.0,0.5,0.5,16,860,0
738,675.36,3,1221,225.12,44,0.0681818181818181,2.0,0.0,0.0,0.0,2.0,2.0,1049.0,1.0,1.0,0.0,28,848,0
739,338.97,2,1076,169.485,256,0.0078125,,,,,,,,,,,25,713,0
740,2094.81,9,1022,232.75666666666663,333,0.027027027027027,1.0,0.0,0.0,1.0,0.0,1.0,1174.0,1.0,0.0,0.0,48,846,0
741,2317.66,8,1009,289.7075,277,0.0288808664259927,1.0,0.0,0.0,1.0,0.0,1.0,1196.0,1.0,0.0,0.0,30,820,0
742,583.1,2,1176,291.55,120,0.0166666666666666,,,,,,,,,,,45,904,1
743,1118.41,4,1009,279.6025,306,0.0130718954248366,1.0,1.0,0.0,2.0,0.0,2.0,1291.0,0.5,0.0,0.5,14,784,0
744,1132.03,6,1072,188.67166666666665,230,0.0260869565217391,,,,,,,,,,,27,833,0
745,2639.28,9,1027,293.25333333333333,285,0.031578947368421,,,,,,,,,,,48,832,0
746,604.8199999999999,2,1065,302.41,272,0.0073529411764705,0.0,0.0,1.0,1.0,0.0,1.0,1084.0,0.0,0.0,0.0,30,641,0
747,967.08,4,999,241.77,345,0.0115942028985507,1.0,1.0,0.0,0.0,2.0,2.0,1290.0,0.5,1.0,0.5,10,657,0
748,284.57,2,1036,142.285,248,0.0080645161290322,,,,,,,,,,,20,956,1
749,618.27,3,1002,206.09,269,0.0111524163568773,1.0,0.0,1.0,1.0,1.0,2.0,1112.0,0.5,0.5,0.0,44,936,0
750,2600.41,8,1019,325.05125,310,0.0258064516129032,0.0,2.0,0.0,1.0,1.0,2.0,1148.0,0.0,0.5,1.0,7,760,0
751,1172.35,6,1089,195.39166666666665,258,0.0232558139534883,1.0,0.0,0.0,1.0,0.0,1.0,996.0,1.0,0.0,0.0,34,757,0
752,2056.76,9,1018,228.5288888888889,318,0.0283018867924528,0.0,2.0,0.0,2.0,0.0,2.0,995.0,0.0,0.0,1.0,27,652,0
753,1560.95,6,1038,260.15833333333336,234,0.0256410256410256,1.0,0.0,1.0,1.0,1.0,2.0,1051.0,0.5,0.5,0.0,23,816,1
754,1122.07,4,1059,280.5175,236,0.0169491525423728,,,,,,,,,,,46,685,0
755,539.68,3,1185,179.89333333333332,86,0.0348837209302325,,,,,,,,,,,45,943,0
756,2081.7,6,1214,346.95,122,0.0491803278688524,,,,,,,,,,,25,772,0
757,1484.12,5,1046,296.824,299,0.0167224080267558,0.0,1.0,0.0,1.0,0.0,1.0,1028.0,0.0,0.0,1.0,28,744,1
758,1725.5,9,1012,191.72222222222223,199,0.0452261306532663,0.0,1.0,1.0,0.0,2.0,2.0,1010.0,0.0,1.0,0.5,18,774,0
759,575.97,2,1284,287.985,23,0.0869565217391304,1.0,0.0,0.0,1.0,0.0,1.0,1219.0,1.0,0.0,0.0,13,922,0
760,477.75,1,1228,477.75,0,0.0,0.0,1.0,1.0,1.0,1.0,2.0,1190.0,0.0,0.5,0.5,13,963,0
761,1309.22,9,1006,145.4688888888889,346,0.0260115606936416,0.0,1.0,0.0,1.0,0.0,1.0,1224.0,0.0,0.0,1.0,45,986,0
762,2577.9500000000003,9,1100,286.4388888888889,232,0.0387931034482758,1.0,0.0,0.0,0.0,1.0,1.0,1290.0,1.0,1.0,0.0,34,683,1
763,693.13,5,1043,138.626,161,0.031055900621118,1.0,1.0,0.0,2.0,0.0,2.0,1010.0,0.5,0.0,0.5,14,875,1
764,496.99,1,1333,496.99,0,0.0,,,,,,,,,,,28,947,0
765,1079.2,5,1103,215.84,184,0.0271739130434782,0.0,0.0,1.0,1.0,0.0,1.0,1054.0,0.0,0.0,0.0,13,652,0
766,910.23,3,1199,303.41,74,0.0405405405405405,1.0,1.0,0.0,2.0,0.0,2.0,1093.0,0.5,0.0,0.5,34,803,0
767,2189.69,8,1002,273.71125,326,0.0245398773006134,,,,,,,,,,,5,771,0
768,1068.46,5,1129,213.692,176,0.0284090909090909,,,,,,,,,,,40,759,0
769,1257.45,5,1173,251.49,141,0.0354609929078014,1.0,0.0,1.0,1.0,1.0,2.0,1273.0,0.5,0.5,0.0,10,847,0
770,970.67,6,1046,161.77833333333334,302,0.0198675496688741,0.0,1.0,1.0,0.0,2.0,2.0,1068.0,0.0,1.0,0.5,36,963,0
771,1500.63,7,1011,214.3757142857143,296,0.0236486486486486,1.0,0.0,1.0,1.0,1.0,2.0,1216.0,0.5,0.5,0.0,6,890,0
772,1124.58,4,1056,281.145,149,0.0268456375838926,0.0,1.0,1.0,0.0,2.0,2.0,1005.0,0.0,1.0,0.5,21,873,0
773,1918.91,8,1006,239.86375,243,0.0329218106995884,,,,,,,,,,,35,805,0
774,41.49,1,1324,41.49,0,0.0,,,,,,,,,,,16,665,0
775,1586.9,5,1022,317.38,277,0.0180505415162454,0.0,1.0,0.0,1.0,0.0,1.0,1015.0,0.0,0.0,1.0,20,780,1
776,1647.73,5,1001,329.546,303,0.0165016501650165,1.0,1.0,0.0,1.0,1.0,2.0,1116.0,0.5,0.5,0.5,31,775,0
777,1488.0,6,1080,248.0,250,0.024,,,,,,,,,,,5,728,1
778,2064.51,9,1043,229.39,302,0.0298013245033112,1.0,0.0,1.0,1.0,1.0,2.0,1010.0,0.5,0.5,0.0,6,788,0
779,1563.06,6,1022,260.51,318,0.0188679245283018,0.0,0.0,1.0,1.0,0.0,1.0,1268.0,0.0,0.0,0.0,2,795,0
780,2107.59,7,1022,301.0842857142857,316,0.0221518987341772,1.0,0.0,0.0,0.0,1.0,1.0,1104.0,1.0,1.0,0.0,39,701,0
781,548.61,2,1157,274.305,150,0.0133333333333333,0.0,0.0,1.0,1.0,0.0,1.0,1270.0,0.0,0.0,0.0,22,965,0
782,1042.79,5,1070,208.558,244,0.0204918032786885,0.0,1.0,0.0,0.0,1.0,1.0,1163.0,0.0,1.0,1.0,11,743,1
783,1133.6799999999998,6,1062,188.94666666666663,279,0.021505376344086,,,,,,,,,,,15,771,0
784,1567.71,4,1078,391.9275,192,0.0208333333333333,0.0,2.0,0.0,1.0,1.0,2.0,1240.0,0.0,0.5,1.0,13,772,0
785,1960.77,7,1005,280.11,140,0.05,0.0,1.0,0.0,1.0,0.0,1.0,1275.0,0.0,0.0,1.0,33,712,0
786,2141.4,9,1051,237.9333333333333,304,0.0296052631578947,0.0,2.0,0.0,1.0,1.0,2.0,1142.0,0.0,0.5,1.0,46,740,0
787,1255.38,8,1030,156.9225,327,0.0244648318042813,2.0,0.0,0.0,1.0,1.0,2.0,1058.0,1.0,0.5,0.0,14,863,0
788,1041.15,5,1003,208.23,224,0.0223214285714285,,,,,,,,,,,39,761,1
789,1755.6999999999998,8,993,219.4625,313,0.0255591054313099,1.0,1.0,0.0,2.0,0.0,2.0,1156.0,0.5,0.0,0.5,2,730,1
790,2782.16,9,1024,309.12888888888887,239,0.0376569037656903,0.0,1.0,0.0,1.0,0.0,1.0,1135.0,0.0,0.0,1.0,10,875,0
791,441.32,2,1061,220.66,235,0.0085106382978723,0.0,1.0,1.0,2.0,0.0,2.0,1042.0,0.0,0.0,0.5,42,638,1
792,1381.17,5,1005,276.23400000000004,243,0.0205761316872428,0.0,1.0,1.0,1.0,1.0,2.0,1004.0,0.0,0.5,0.5,30,775,0
793,1189.15,6,1160,198.1916666666667,136,0.0441176470588235,0.0,0.0,1.0,1.0,0.0,1.0,1124.0,0.0,0.0,0.0,32,706,0
794,2430.75,6,1023,405.125,325,0.0184615384615384,2.0,0.0,0.0,2.0,0.0,2.0,1218.0,1.0,0.0,0.0,9,850,0
795,993.04,4,1095,248.26,137,0.0291970802919708,0.0,1.0,0.0,1.0,0.0,1.0,1044.0,0.0,0.0,1.0,48,628,0
796,2309.95,9,1028,256.6611111111111,319,0.0282131661442006,,,,,,,,,,,16,953,0
797,922.22,4,1019,230.555,298,0.0134228187919463,0.0,0.0,1.0,1.0,0.0,1.0,1345.0,0.0,0.0,0.0,39,630,0
798,953.95,6,1054,158.99166666666665,232,0.0258620689655172,0.0,2.0,0.0,2.0,0.0,2.0,1267.0,0.0,0.0,1.0,5,846,0
799,912.13,4,1096,228.0325,202,0.0198019801980198,0.0,1.0,0.0,0.0,1.0,1.0,1328.0,0.0,1.0,1.0,46,990,1
800,1213.09,5,1002,242.618,295,0.0169491525423728,1.0,0.0,1.0,1.0,1.0,2.0,1083.0,0.5,0.5,0.0,15,845,0
801,1621.99,7,994,231.71285714285716,359,0.0194986072423398,,,,,,,,,,,4,745,0
802,504.29,2,1019,252.145,153,0.0130718954248366,0.0,0.0,2.0,1.0,1.0,2.0,1070.0,0.0,0.5,0.0,24,743,0
803,2136.39,8,998,267.04875,353,0.0226628895184136,0.0,1.0,0.0,0.0,1.0,1.0,1032.0,0.0,1.0,1.0,25,675,0
804,2218.53,7,1013,316.9328571428572,250,0.028,0.0,0.0,1.0,1.0,0.0,1.0,1069.0,0.0,0.0,0.0,37,640,0
805,1100.62,6,995,183.4366666666667,272,0.0220588235294117,1.0,0.0,0.0,1.0,0.0,1.0,1198.0,1.0,0.0,0.0,24,976,0
806,421.3,3,1048,140.43333333333334,83,0.036144578313253,1.0,0.0,0.0,1.0,0.0,1.0,1179.0,1.0,0.0,0.0,42,761,1
807,1217.41,4,1035,304.3525,94,0.0425531914893617,,,,,,,,,,,13,934,1
808,1759.63,6,1078,293.2716666666667,266,0.0225563909774436,0.0,2.0,0.0,1.0,1.0,2.0,1063.0,0.0,0.5,1.0,20,763,0
809,1482.36,9,1017,164.70666666666668,328,0.0274390243902439,,,,,,,,,,,5,952,0
810,1290.08,4,1105,322.52,234,0.017094017094017,1.0,0.0,0.0,1.0,0.0,1.0,1110.0,1.0,0.0,0.0,20,945,0
811,871.11,2,1258,435.555,34,0.0588235294117647,1.0,0.0,0.0,1.0,0.0,1.0,1186.0,1.0,0.0,0.0,18,895,0
812,2042.29,7,1005,291.7557142857143,196,0.0357142857142857,1.0,1.0,0.0,2.0,0.0,2.0,1164.0,0.5,0.0,0.5,39,925,1
813,2206.29,8,1000,275.78625,310,0.0258064516129032,,,,,,,,,,,49,651,0
814,1650.27,9,1034,183.36333333333332,250,0.036,0.0,1.0,1.0,2.0,0.0,2.0,1111.0,0.0,0.0,0.5,3,851,0
815,493.38,2,1007,246.69,324,0.0061728395061728,,,,,,,,,,,44,760,0
816,1299.37,8,1059,162.42125,184,0.0434782608695652,,,,,,,,,,,31,700,0
817,337.9,4,1127,84.475,225,0.0177777777777777,,,,,,,,,,,30,642,0
818,1295.74,8,1008,161.9675,333,0.024024024024024,1.0,0.0,0.0,1.0,0.0,1.0,1039.0,1.0,0.0,0.0,41,911,0
819,985.26,5,1050,197.052,166,0.0301204819277108,0.0,1.0,0.0,0.0,1.0,1.0,1120.0,0.0,1.0,1.0,24,867,0
820,566.46,2,1047,283.23,112,0.0178571428571428,,,,,,,,,,,5,742,0
821,304.95,2,1105,152.475,210,0.0095238095238095,1.0,0.0,0.0,1.0,0.0,1.0,1208.0,1.0,0.0,0.0,20,823,0
822,2275.24,9,1126,252.8044444444444,201,0.044776119402985,1.0,0.0,1.0,0.0,2.0,2.0,1201.0,0.5,1.0,0.0,24,964,0
823,651.38,3,1118,217.1266666666667,200,0.015,0.0,0.0,1.0,1.0,0.0,1.0,1051.0,0.0,0.0,0.0,17,628,1
824,318.01,1,1162,318.01,0,0.0,,,,,,,,,,,8,958,0
825,1087.05,9,1020,120.78333333333332,307,0.0293159609120521,,,,,,,,,,,21,678,0
826,1099.45,6,1106,183.24166666666667,198,0.0303030303030303,1.0,0.0,0.0,0.0,1.0,1.0,1214.0,1.0,1.0,0.0,14,794,1
827,2317.93,6,1009,386.32166666666666,284,0.0211267605633802,,,,,,,,,,,38,711,1
828,1361.59,4,1048,340.3975,124,0.032258064516129,0.0,1.0,0.0,0.0,1.0,1.0,1150.0,0.0,1.0,1.0,32,708,0
829,144.37,1,1137,144.37,0,0.0,,,,,,,,,,,36,829,0
830,395.99,2,1062,197.995,43,0.0465116279069767,,,,,,,,,,,40,795,0
831,1417.95,8,1013,177.24375,333,0.024024024024024,0.0,0.0,1.0,0.0,1.0,1.0,1179.0,0.0,1.0,0.0,4,747,1
832,1463.62,5,1032,292.724,259,0.0193050193050193,,,,,,,,,,,21,759,0
833,1000.79,5,1045,200.158,291,0.0171821305841924,0.0,0.0,1.0,0.0,1.0,1.0,1245.0,0.0,1.0,0.0,25,736,0
834,1521.86,5,1006,304.372,310,0.0161290322580645,0.0,0.0,1.0,0.0,1.0,1.0,1247.0,0.0,1.0,0.0,45,668,0
835,825.2,5,1090,165.04000000000002,213,0.0234741784037558,1.0,0.0,0.0,1.0,0.0,1.0,1033.0,1.0,0.0,0.0,1,791,0
836,1130.44,6,1159,188.40666666666667,193,0.0310880829015544,1.0,1.0,0.0,2.0,0.0,2.0,1095.0,0.5,0.0,0.5,47,836,1
837,1600.01,7,1050,228.57285714285717,282,0.0248226950354609,,,,,,,,,,,13,755,0
838,1729.93,9,1003,192.21444444444444,303,0.0297029702970297,1.0,1.0,0.0,1.0,1.0,2.0,1064.0,0.5,0.5,0.5,16,990,0
839,1182.6,5,1008,236.52,248,0.0201612903225806,,,,,,,,,,,29,814,0
840,997.83,5,1000,199.566,228,0.0219298245614035,1.0,0.0,0.0,1.0,0.0,1.0,1334.0,1.0,0.0,0.0,39,818,0
841,1829.46,8,1010,228.6825,344,0.0232558139534883,0.0,1.0,0.0,0.0,1.0,1.0,1257.0,0.0,1.0,1.0,29,777,1
842,2806.69,8,1020,350.83625,323,0.0247678018575851,1.0,0.0,0.0,1.0,0.0,1.0,1141.0,1.0,0.0,0.0,12,905,0
843,1069.53,5,1021,213.906,282,0.0177304964539007,1.0,0.0,0.0,1.0,0.0,1.0,998.0,1.0,0.0,0.0,31,955,0
844,1505.23,6,1021,250.87166666666667,275,0.0218181818181818,,,,,,,,,,,20,689,0
845,2238.86,8,1001,279.8575,333,0.024024024024024,,,,,,,,,,,35,944,0
846,1667.48,5,1035,333.496,285,0.0175438596491228,,,,,,,,,,,41,731,0
847,1672.9299999999998,6,1129,278.82166666666666,204,0.0294117647058823,1.0,0.0,1.0,2.0,0.0,2.0,1160.0,0.5,0.0,0.0,28,667,0
848,690.1600000000001,2,1047,345.08000000000004,12,0.1666666666666666,0.0,1.0,1.0,1.0,1.0,2.0,1111.0,0.0,0.5,0.5,35,990,1
849,830.54,5,1013,166.108,127,0.0393700787401574,1.0,0.0,1.0,1.0,1.0,2.0,1069.0,0.5,0.5,0.0,29,973,0
850,38.12,1,1255,38.12,0,0.0,,,,,,,,,,,44,761,1
851,580.18,2,1009,290.09,68,0.0294117647058823,0.0,0.0,1.0,1.0,0.0,1.0,1045.0,0.0,0.0,0.0,39,964,0
852,569.13,4,1007,142.2825,310,0.0129032258064516,1.0,0.0,0.0,0.0,1.0,1.0,1162.0,1.0,1.0,0.0,29,727,0
853,1178.95,3,1147,392.98333333333335,160,0.01875,1.0,0.0,0.0,0.0,1.0,1.0,1208.0,1.0,1.0,0.0,34,658,0
854,47.85,1,1053,47.85,0,0.0,0.0,0.0,2.0,1.0,1.0,2.0,1025.0,0.0,0.5,0.0,10,800,0
855,2656.16,8,1044,332.02,312,0.0256410256410256,0.0,2.0,0.0,1.0,1.0,2.0,1011.0,0.0,0.5,1.0,37,725,0
856,524.36,3,1083,174.78666666666666,107,0.02803738317757,,,,,,,,,,,48,855,0
857,379.0,1,1161,379.0,0,0.0,0.0,1.0,0.0,1.0,0.0,1.0,1205.0,0.0,0.0,1.0,7,802,1
858,224.33,2,1079,112.165,26,0.0769230769230769,1.0,0.0,1.0,2.0,0.0,2.0,1139.0,0.5,0.0,0.0,9,773,0
859,2320.9,9,1000,257.8777777777778,312,0.0288461538461538,,,,,,,,,,,16,788,0
860,410.36,2,1017,205.18,218,0.0091743119266055,0.0,2.0,0.0,1.0,1.0,2.0,1263.0,0.0,0.5,1.0,21,846,0
861,258.79,2,1024,129.395,224,0.0089285714285714,0.0,0.0,1.0,1.0,0.0,1.0,1224.0,0.0,0.0,0.0,14,857,0
862,1581.13,6,1007,263.5216666666667,320,0.01875,,,,,,,,,,,2,927,0
863,1031.04,7,1027,147.29142857142855,329,0.0212765957446808,0.0,0.0,2.0,1.0,1.0,2.0,1178.0,0.0,0.5,0.0,26,706,0
864,1537.15,7,1003,219.5928571428572,335,0.0208955223880597,,,,,,,,,,,34,914,0
865,2739.69,9,1103,304.41,242,0.0371900826446281,0.0,0.0,1.0,0.0,1.0,1.0,1064.0,0.0,1.0,0.0,47,832,0
866,440.09,2,1160,220.045,16,0.125,,,,,,,,,,,49,633,0
867,985.19,6,1014,164.19833333333335,340,0.0176470588235294,,,,,,,,,,,18,639,0
868,1858.01,6,1054,309.6683333333333,283,0.0212014134275618,,,,,,,,,,,12,790,0
869,1708.06,7,1071,244.00857142857143,250,0.028,1.0,1.0,0.0,1.0,1.0,2.0,1136.0,0.5,0.5,0.5,19,644,1
870,358.81,1,1319,358.81,0,0.0,0.0,0.0,1.0,0.0,1.0,1.0,1025.0,0.0,1.0,0.0,36,975,0
871,1268.83,4,1062,317.2075,295,0.0135593220338983,1.0,0.0,1.0,1.0,1.0,2.0,1161.0,0.5,0.5,0.0,38,734,0
872,2710.07,8,1014,338.75875,331,0.0241691842900302,,,,,,,,,,,16,873,0
873,868.72,3,1035,289.5733333333333,236,0.0127118644067796,,,,,,,,,,,46,700,0
874,488.21,1,1110,488.21,0,0.0,0.0,1.0,1.0,2.0,0.0,2.0,1083.0,0.0,0.0,0.5,8,630,0
875,2066.71,8,1004,258.33875,157,0.0509554140127388,,,,,,,,,,,9,657,0
876,1940.62,8,996,242.5775,356,0.0224719101123595,0.0,0.0,1.0,1.0,0.0,1.0,1077.0,0.0,0.0,0.0,4,730,0
877,2189.55,7,1023,312.7928571428571,311,0.022508038585209,,,,,,,,,,,36,842,0
878,2181.62,8,1076,272.7025,272,0.0294117647058823,,,,,,,,,,,47,776,0
879,328.09,1,1011,328.09,0,0.0,0.0,1.0,0.0,1.0,0.0,1.0,1100.0,0.0,0.0,1.0,38,801,0
880,1311.23,7,1086,187.31857142857143,257,0.0272373540856031,0.0,2.0,0.0,2.0,0.0,2.0,1171.0,0.0,0.0,1.0,49,679,0
881,189.28,1,1099,189.28,0,0.0,1.0,0.0,1.0,1.0,1.0,2.0,1085.0,0.5,0.5,0.0,49,902,0
882,745.26,3,1042,248.42,315,0.0095238095238095,,,,,,,,,,,45,740,0
883,776.71,7,1064,110.95857142857145,224,0.03125,1.0,0.0,1.0,0.0,2.0,2.0,1235.0,0.5,1.0,0.0,4,705,0
884,2069.03,9,1018,229.89222222222224,286,0.0314685314685314,0.0,1.0,0.0,0.0,1.0,1.0,1175.0,0.0,1.0,1.0,8,715,0
885,2431.03,9,1056,270.1144444444444,284,0.0316901408450704,0.0,2.0,0.0,1.0,1.0,2.0,1081.0,0.0,0.5,1.0,43,984,0
886,2197.83,7,1045,313.9757142857143,288,0.0243055555555555,1.0,0.0,0.0,1.0,0.0,1.0,1260.0,1.0,0.0,0.0,7,760,0
887,812.28,4,1140,203.07,140,0.0285714285714285,1.0,1.0,0.0,1.0,1.0,2.0,1234.0,0.5,0.5,0.5,3,923,0
888,436.94,3,1033,145.64666666666668,319,0.0094043887147335,0.0,0.0,1.0,0.0,1.0,1.0,1328.0,0.0,1.0,0.0,1,746,0
889,306.88,4,1051,76.72,291,0.0137457044673539,,,,,,,,,,,4,967,0
890,369.47,2,1166,184.735,131,0.015267175572519,0.0,1.0,1.0,2.0,0.0,2.0,1002.0,0.0,0.0,0.5,1,933,0
891,1602.17,5,997,320.434,343,0.0145772594752186,0.0,1.0,1.0,0.0,2.0,2.0,1016.0,0.0,1.0,0.5,46,919,0
892,183.21,1,1081,183.21,0,0.0,0.0,1.0,0.0,0.0,1.0,1.0,1244.0,0.0,1.0,1.0,42,977,0
893,3026.91,9,1087,336.3233333333333,261,0.0344827586206896,1.0,0.0,1.0,1.0,1.0,2.0,1076.0,0.5,0.5,0.0,38,706,0
894,983.26,3,1046,327.75333333333333,211,0.0142180094786729,0.0,2.0,0.0,1.0,1.0,2.0,1182.0,0.0,0.5,1.0,37,760,0
895,1649.0800000000002,7,1084,235.5828571428572,268,0.0261194029850746,,,,,,,,,,,12,724,0
896,1403.03,8,1066,175.37875,291,0.0274914089347079,0.0,1.0,0.0,1.0,0.0,1.0,1073.0,0.0,0.0,1.0,42,667,0
897,2125.28,8,1065,265.66,277,0.0288808664259927,1.0,0.0,1.0,0.0,2.0,2.0,1007.0,0.5,1.0,0.0,10,760,0
898,2794.0,9,1063,310.44444444444446,292,0.0308219178082191,0.0,1.0,0.0,0.0,1.0,1.0,1121.0,0.0,1.0,1.0,47,984,0
899,38.78,1,1147,38.78,0,0.0,0.0,1.0,0.0,0.0,1.0,1.0,1172.0,0.0,1.0,1.0,1,643,1
900,353.54,3,998,117.84666666666668,240,0.0125,0.0,0.0,1.0,1.0,0.0,1.0,1087.0,0.0,0.0,0.0,2,911,0
901,517.94,2,1159,258.97,128,0.015625,,,,,,,,,,,12,979,0
902,1040.2,7,1013,148.6,263,0.026615969581749,0.0,2.0,0.0,1.0,1.0,2.0,1100.0,0.0,0.5,1.0,39,733,0
903,762.78,4,1149,190.695,108,0.037037037037037,1.0,0.0,0.0,1.0,0.0,1.0,1144.0,1.0,0.0,0.0,48,820,1
904,1684.39,7,1009,240.62714285714287,327,0.0214067278287461,1.0,0.0,0.0,1.0,0.0,1.0,1205.0,1.0,0.0,0.0,36,665,0
905,1222.55,8,1059,152.81875,262,0.0305343511450381,0.0,0.0,1.0,0.0,1.0,1.0,1190.0,0.0,1.0,0.0,7,662,0
906,1235.8,5,995,247.16,172,0.0290697674418604,,,,,,,,,,,38,900,1
907,54.82,1,1070,54.82,0,0.0,,,,,,,,,,,25,835,0
908,1865.09,9,1029,207.23222222222225,305,0.0295081967213114,1.0,0.0,1.0,1.0,1.0,2.0,1187.0,0.5,0.5,0.0,3,653,0
909,718.24,3,1072,239.41333333333333,131,0.0229007633587786,,,,,,,,,,,27,960,0
910,797.14,4,1039,199.285,288,0.0138888888888888,,,,,,,,,,,24,765,0
911,1058.9,3,1136,352.9666666666667,107,0.02803738317757,,,,,,,,,,,27,935,0
912,1915.01,9,1011,212.7788888888889,284,0.0316901408450704,1.0,0.0,0.0,0.0,1.0,1.0,1043.0,1.0,1.0,0.0,6,782,0
913,267.44,1,1200,267.44,0,0.0,0.0,1.0,1.0,2.0,0.0,2.0,1065.0,0.0,0.0,0.5,25,733,0
914,1722.8,7,1016,246.1142857142857,307,0.022801302931596,1.0,1.0,0.0,1.0,1.0,2.0,1168.0,0.5,0.5,0.5,43,781,0
915,1786.6,7,1009,255.22857142857143,332,0.0210843373493975,,,,,,,,,,,31,820,0
916,1176.86,6,1024,196.1433333333333,239,0.0251046025104602,,,,,,,,,,,44,750,0
917,1799.36,8,1017,224.92,308,0.0259740259740259,0.0,1.0,0.0,1.0,0.0,1.0,1190.0,0.0,0.0,1.0,9,863,0
918,1140.8200000000002,4,1013,285.20500000000004,313,0.0127795527156549,,,,,,,,,,,39,709,1
919,1547.47,7,1049,221.06714285714287,176,0.0397727272727272,,,,,,,,,,,29,645,1
920,2059.02,9,1078,228.78,260,0.0346153846153846,0.0,1.0,0.0,0.0,1.0,1.0,1321.0,0.0,1.0,1.0,14,712,0
921,1778.2,6,1004,296.3666666666667,195,0.0307692307692307,0.0,0.0,1.0,0.0,1.0,1.0,1157.0,0.0,1.0,0.0,36,684,0
922,1135.0,3,1069,378.3333333333333,208,0.0144230769230769,1.0,0.0,0.0,0.0,1.0,1.0,1175.0,1.0,1.0,0.0,29,771,0
923,2462.85,9,1055,273.65,301,0.0299003322259136,0.0,1.0,1.0,0.0,2.0,2.0,1014.0,0.0,1.0,0.5,43,952,0
924,760.13,2,1177,380.065,126,0.0158730158730158,0.0,0.0,1.0,0.0,1.0,1.0,1083.0,0.0,1.0,0.0,41,909,1
925,1930.41,5,1049,386.082,134,0.0373134328358208,,,,,,,,,,,38,973,1
926,157.62,1,1083,157.62,0,0.0,,,,,,,,,,,22,870,1
927,1462.34,5,1071,292.468,242,0.0206611570247933,,,,,,,,,,,12,836,1
928,2584.66,8,1082,323.0825,249,0.0321285140562249,0.0,1.0,1.0,1.0,1.0,2.0,1019.0,0.0,0.5,0.5,40,852,0
929,358.27,1,1156,358.27,0,0.0,,,,,,,,,,,49,946,0
930,809.61,2,1200,404.805,98,0.0204081632653061,,,,,,,,,,,26,771,0
931,1985.28,5,1011,397.056,314,0.0159235668789808,0.0,0.0,1.0,0.0,1.0,1.0,1162.0,0.0,1.0,0.0,46,924,0
932,350.46,1,1316,350.46,0,0.0,0.0,0.0,1.0,1.0,0.0,1.0,1203.0,0.0,0.0,0.0,28,837,0
933,74.06,1,1115,74.06,0,0.0,1.0,1.0,0.0,1.0,1.0,2.0,1236.0,0.5,0.5,0.5,21,874,0
934,282.29,1,1327,282.29,0,0.0,0.0,1.0,0.0,1.0,0.0,1.0,1303.0,0.0,0.0,1.0,27,675,0
935,939.39,4,1196,234.8475,83,0.0481927710843373,0.0,2.0,0.0,2.0,0.0,2.0,1258.0,0.0,0.0,1.0,33,692,1
936,2591.57,9,995,287.95222222222225,274,0.0328467153284671,,,,,,,,,,,29,784,0
937,1842.66,7,1073,263.2371428571428,183,0.0382513661202185,1.0,1.0,0.0,1.0,1.0,2.0,1081.0,0.5,0.5,0.5,24,904,1
938,695.9300000000001,3,1143,231.9766666666667,174,0.0172413793103448,0.0,0.0,1.0,0.0,1.0,1.0,1037.0,0.0,1.0,0.0,32,823,0
939,394.48,1,1172,394.48,0,0.0,,,,,,,,,,,6,667,0
940,1536.43,7,1048,219.49,296,0.0236486486486486,2.0,0.0,0.0,1.0,1.0,2.0,1106.0,1.0,0.5,0.0,27,899,0
941,1440.83,6,1000,240.1383333333333,313,0.0191693290734824,,,,,,,,,,,16,728,0
942,1539.42,7,1033,219.9171428571429,305,0.0229508196721311,,,,,,,,,,,36,829,0
943,398.92,2,1144,199.46,179,0.0111731843575419,0.0,0.0,1.0,1.0,0.0,1.0,1072.0,0.0,0.0,0.0,47,915,0
944,1280.1,5,1100,256.02000000000004,214,0.0233644859813084,2.0,0.0,0.0,1.0,1.0,2.0,1089.0,1.0,0.5,0.0,30,838,0
945,541.1999999999999,5,1110,108.23999999999998,219,0.0228310502283105,,,,,,,,,,,15,792,0
946,451.82,3,1053,150.60666666666663,200,0.015,,,,,,,,,,,8,676,0
947,589.06,3,1102,196.35333333333327,162,0.0185185185185185,0.0,1.0,0.0,0.0,1.0,1.0,1329.0,0.0,1.0,1.0,31,867,1
948,1416.12,5,1077,283.224,222,0.0225225225225225,,,,,,,,,,,9,950,1
949,956.3,4,1090,239.075,189,0.0211640211640211,,,,,,,,,,,42,830,0
950,1085.17,4,1023,271.2925,204,0.0196078431372549,,,,,,,,,,,21,881,0
951,1494.92,7,1062,213.56,288,0.0243055555555555,1.0,1.0,0.0,1.0,1.0,2.0,1186.0,0.5,0.5,0.5,39,681,0
952,344.33,1,1333,344.33,0,0.0,0.0,0.0,1.0,0.0,1.0,1.0,1081.0,0.0,1.0,0.0,39,914,0
953,2580.58,9,1002,286.7311111111111,345,0.0260869565217391,1.0,1.0,0.0,1.0,1.0,2.0,1064.0,0.5,0.5,0.5,43,699,0
954,2009.32,6,1048,334.8866666666667,176,0.034090909090909,,,,,,,,,,,20,792,0
955,1453.74,6,1009,242.29,346,0.0173410404624277,1.0,0.0,1.0,1.0,1.0,2.0,1001.0,0.5,0.5,0.0,26,651,0
956,858.04,3,1115,286.0133333333333,151,0.0198675496688741,,,,,,,,,,,38,700,0
957,32.8,1,1191,32.8,0,0.0,,,,,,,,,,,43,841,0
958,972.8,5,1069,194.56,272,0.0183823529411764,1.0,0.0,0.0,0.0,1.0,1.0,1260.0,1.0,1.0,0.0,14,852,0
959,285.35,1,1196,285.35,0,0.0,,,,,,,,,,,48,672,0
960,1553.52,6,1066,258.92,240,0.025,0.0,2.0,0.0,0.0,2.0,2.0,1189.0,0.0,1.0,1.0,41,952,0
961,964.33,3,997,321.4433333333333,79,0.0379746835443038,0.0,1.0,1.0,1.0,1.0,2.0,1014.0,0.0,0.5,0.5,21,872,0
962,1021.08,4,1035,255.27,293,0.0136518771331058,0.0,2.0,0.0,0.0,2.0,2.0,1194.0,0.0,1.0,1.0,19,899,1
963,660.3299999999999,3,997,220.11,333,0.009009009009009,0.0,0.0,2.0,2.0,0.0,2.0,1035.0,0.0,0.0,0.0,14,733,0
964,2348.82,9,1009,260.98,269,0.0334572490706319,0.0,1.0,1.0,1.0,1.0,2.0,1053.0,0.0,0.5,0.5,9,921,0
965,213.98,1,1060,213.98,0,0.0,1.0,0.0,0.0,0.0,1.0,1.0,1221.0,1.0,1.0,0.0,42,801,1
966,2097.75,7,1025,299.67857142857144,322,0.0217391304347826,,,,,,,,,,,4,857,1
967,230.71,1,1153,230.71,0,0.0,,,,,,,,,,,23,875,0
968,344.12,2,1223,172.06,83,0.0240963855421686,0.0,0.0,1.0,1.0,0.0,1.0,1020.0,0.0,0.0,0.0,22,976,0
969,1296.96,4,1056,324.24,250,0.016,1.0,0.0,0.0,0.0,1.0,1.0,1042.0,1.0,1.0,0.0,20,878,0
970,748.6800000000001,6,1062,124.78000000000002,230,0.0260869565217391,1.0,1.0,0.0,0.0,2.0,2.0,1179.0,0.5,1.0,0.5,19,912,1
971,283.95,2,1140,141.975,152,0.0131578947368421,,,,,,,,,,,19,703,1
972,1105.44,3,1239,368.48,67,0.044776119402985,,,,,,,,,,,23,694,0
973,56.53,1,1017,56.53,0,0.0,,,,,,,,,,,31,702,0
974,1789.81,6,1030,298.3016666666667,300,0.02,,,,,,,,,,,46,738,0
975,1892.18,7,1015,270.31142857142856,257,0.0272373540856031,,,,,,,,,,,19,736,1
976,557.62,2,1282,278.81,72,0.0277777777777777,,,,,,,,,,,44,945,0
977,772.3399999999999,3,1125,257.44666666666666,105,0.0285714285714285,1.0,0.0,1.0,2.0,0.0,2.0,1263.0,0.5,0.0,0.0,20,954,0
978,1465.5,7,1044,209.3571428571429,285,0.0245614035087719,1.0,0.0,0.0,0.0,1.0,1.0,1075.0,1.0,1.0,0.0,26,736,0
979,1711.28,7,1083,244.46857142857144,215,0.0325581395348837,0.0,1.0,0.0,1.0,0.0,1.0,1153.0,0.0,0.0,1.0,6,855,1
980,2079.5,8,1000,259.9375,312,0.0256410256410256,1.0,0.0,0.0,0.0,1.0,1.0,1108.0,1.0,1.0,0.0,28,869,0
981,285.43,1,1300,285.43,0,0.0,,,,,,,,,,,41,727,0
982,913.21,6,1098,152.20166666666668,223,0.0269058295964125,0.0,0.0,1.0,1.0,0.0,1.0,1089.0,0.0,0.0,0.0,4,822,1
983,1395.3000000000002,5,1033,279.06000000000006,263,0.0190114068441064,2.0,0.0,0.0,1.0,1.0,2.0,1040.0,1.0,0.5,0.0,49,864,0
984,1127.04,8,1002,140.88,341,0.0234604105571847,1.0,0.0,0.0,1.0,0.0,1.0,1279.0,1.0,0.0,0.0,44,872,0
985,1752.58,5,1002,350.516,277,0.0180505415162454,0.0,2.0,0.0,1.0,1.0,2.0,1227.0,0.0,0.5,1.0,9,930,0
986,1392.61,7,1076,198.9442857142857,256,0.02734375,1.0,0.0,1.0,2.0,0.0,2.0,1211.0,0.5,0.0,0.0,49,681,0
987,1683.65,7,1002,240.52142857142857,320,0.021875,,,,,,,,,,,14,834,1
988,2543.12,9,1026,282.56888888888886,328,0.0274390243902439,1.0,0.0,1.0,0.0,2.0,2.0,1256.0,0.5,1.0,0.0,31,948,0
989,1530.42,7,1097,218.6314285714286,244,0.0286885245901639,2.0,0.0,0.0,0.0,2.0,2.0,1078.0,1.0,1.0,0.0,29,786,1
990,483.5,1,1172,483.5,0,0.0,1.0,1.0,0.0,1.0,1.0,2.0,1060.0,0.5,0.5,0.5,49,835,1
991,801.36,3,1001,267.12,148,0.0202702702702702,,,,,,,,,,,22,733,0
992,311.62,1,1262,311.62,0,0.0,0.0,1.0,0.0,0.0,1.0,1.0,1086.0,0.0,1.0,1.0,9,908,0
993,81.64,1,1310,81.64,0,0.0,,,,,,,,,,,11,632,0
994,1801.34,9,1008,200.14888888888888,336,0.0267857142857142,2.0,0.0,0.0,0.0,2.0,2.0,1175.0,1.0,1.0,0.0,25,789,0
995,1020.0,5,997,204.0,283,0.0176678445229682,0.0,0.0,1.0,1.0,0.0,1.0,1236.0,0.0,0.0,0.0,34,781,1
996,227.25,1,1153,227.25,0,0.0,,,,,,,,,,,38,964,0
997,419.82,2,1060,209.91,80,0.025,,,,,,,,,,,5,902,0
998,252.15,1,1097,252.15,0,0.0,,,,,,,,,,,47,802,0
999,2393.26,9,1017,265.91777777777776,321,0.02803738317757,,,,,,,,,,,23,985,0
1000,1670.79,6,1011,278.465,249,0.0240963855421686,,,,,,,,,,,22,768,0
